x,y,z,type
265,60,-71,minecraft:chest
313,51,-103,minecraft:chest
335,20,38,minecraft:chest
337,20,39,minecraft:mob_spawner
338,20,42,minecraft:chest
361,57,-167,minecraft:chest
370,45,18,minecraft:chest
123,54,-128,minecraft:chest
149,27,95,minecraft:mob_spawner
228,36,82,minecraft:chest
274,37,-207,minecraft:mob_spawner
363,31,-195,minecraft:chest
364,31,-198,minecraft:mob_spawner
126,28,-220,minecraft:chest
129,28,-217,minecraft:mob_spawner
132,28,-219,minecraft:chest
293,37,-235,minecraft:mob_spawner
73,19,-145,minecraft:mob_spawner
79,17,-93,minecraft:mob_spawner
-182,29,1253,minecraft:mob_spawner
-180,29,1254,minecraft:chest
-178,70,1255,minecraft:chest
-165,73,1232,minecraft:banner
-162,73,1235,minecraft:banner
-176,73,1228,minecraft:banner
-173,75,1227,minecraft:banner
-174,73,1229,minecraft:chest
-176,73,1229,minecraft:banner
-176,73,1230,minecraft:banner
-171,75,1227,minecraft:banner
-168,73,1228,minecraft:banner
-164,73,1227,minecraft:banner
-168,73,1229,minecraft:banner
-168,73,1230,minecraft:banner
-185,69,1247,minecraft:chest
-155,73,1232,minecraft:banner
-158,73,1235,minecraft:banner
-160,73,1227,minecraft:banner
-156,6,1220,quark:monster_box
-156,73,1227,minecraft:banner
-184,64,1210,minecraft:brewing_stand
-286,44,1291,minecraft:chest
-286,44,1294,minecraft:mob_spawner
-284,44,1296,minecraft:chest
-196,76,1195,minecraft:brewing_stand
-237,69,1186,minecraft:lectern
-225,7,1192,quark:monster_box
-166,80,1190,minecraft:bell
-171,83,1187,minecraft:banner
-165,83,1197,minecraft:banner
-171,83,1186,minecraft:banner
-166,83,1197,minecraft:banner
-160,83,1187,minecraft:banner
-160,83,1186,minecraft:banner
-139,13,1199,quark:monster_box
-283,38,1366,minecraft:skull
-288,39,1364,minecraft:brewing_stand
-288,40,1367,minecraft:barrel
-282,40,1383,minecraft:barrel
-280,28,1380,minecraft:barrel
-287,38,1384,minecraft:skull
-281,28,1378,minecraft:furnace
-282,39,1386,minecraft:brewing_stand
-289,50,1283,minecraft:mob_spawner
-291,50,1282,minecraft:chest
-197,87,1168,minecraft:chest
-259,23,1392,minecraft:mob_spawner
-303,31,1375,minecraft:brewing_stand
-303,32,1378,minecraft:barrel
-298,30,1377,minecraft:skull
-303,30,1395,minecraft:chest
-300,30,1398,minecraft:chest
-300,34,1403,minecraft:mob_spawner
-128,86,1169,minecraft:bed
-127,86,1169,minecraft:bed
-95,64,1180,abnormals_core:beehive
-300,26,1412,minecraft:mob_spawner
-41,29,1281,minecraft:chest
-43,29,1283,minecraft:mob_spawner
-40,29,1282,minecraft:chest
-287,51,1431,minecraft:mob_spawner
-297,26,1428,minecraft:chest
-300,26,1431,minecraft:chest
-300,26,1428,minecraft:mob_spawner
-300,34,1437,minecraft:mob_spawner
-179,90,1136,minecraft:banner
-179,90,1137,minecraft:banner
-176,92,1138,minecraft:banner
-174,92,1138,minecraft:banner
-173,90,1136,minecraft:chest
-171,90,1136,minecraft:banner
-171,90,1137,minecraft:banner
-154,87,1147,minecraft:brewing_stand
-207,86,1444,waystones:waystone
-207,87,1444,waystones:waystone
-117,25,1132,quark:monster_box
-179,90,1135,minecraft:banner
-171,90,1135,minecraft:banner
-19,32,1417,minecraft:mob_spawner
-337,45,1469,minecraft:chest
-339,45,1470,minecraft:mob_spawner
-341,45,1468,minecraft:chest
-3,38,1306,minecraft:furnace
-4,38,1306,minecraft:furnace
-60,15,1117,quark:monster_box
3,38,1306,minecraft:barrel
-373,27,1264,minecraft:chest
-379,27,1264,minecraft:chest
-288,17,1487,minecraft:chest
-376,27,1262,minecraft:mob_spawner
-381,31,1258,minecraft:furnace
-380,31,1258,minecraft:furnace
-374,45,1224,minecraft:mob_spawner
-372,45,1225,minecraft:chest
-373,45,1227,minecraft:chest
-290,17,1489,minecraft:mob_spawner
-288,17,1489,minecraft:chest
-392,31,1274,minecraft:furnace
-397,31,1274,minecraft:barrel
-411,25,1415,quark:monster_box
-404,31,1274,minecraft:furnace
-416,19,1464,quark:monster_box
-290,20,1512,quark:monster_box
-322,84,1515,minecraft:lectern
-351,14,1516,quark:monster_box
55,38,1322,minecraft:furnace
56,38,1322,minecraft:furnace
-272,68,1527,minecraft:banner
-271,68,1532,minecraft:banner
-273,68,1532,minecraft:banner
-274,68,1527,minecraft:banner
-275,66,1522,minecraft:chest
-423,23,1463,quark:monster_box
74,6,1302,quark:monster_box
68,38,1306,minecraft:furnace
75,38,1306,minecraft:barrel
-262,72,1551,minecraft:bed
-87,23,1030,minecraft:chest
-89,23,1030,minecraft:mob_spawner
-88,23,1028,minecraft:chest
-96,22,1035,minecraft:mob_spawner
-98,22,1033,minecraft:chest
-173,23,1550,quark:monster_box
-155,14,1541,minecraft:mob_spawner
-156,14,1539,minecraft:chest
-158,14,1541,minecraft:chest
-456,45,1221,minecraft:mob_spawner
-454,45,1222,minecraft:chest
-457,45,1224,minecraft:chest
-459,29,1080,quark:monster_box
-356,25,1019,minecraft:mob_spawner
-358,25,1018,minecraft:chest
-354,25,1021,minecraft:chest
-453,72,1052,minecraft:beehive
37,13,1019,quark:monster_box
-4,20,1566,minecraft:mob_spawner
-2,20,1567,minecraft:chest
-452,69,1161,incubation:chicken_nest
-261,70,1552,abnormals_core:beehive
-262,72,1552,minecraft:bed
-262,72,1553,minecraft:chest
-257,69,1561,abnormals_core:beehive
-264,72,1552,minecraft:chest
-257,71,1558,minecraft:chest
-258,71,1560,minecraft:chest
-339,80,1576,minecraft:banner
-339,80,1574,minecraft:banner
-334,78,1573,minecraft:chest
-310,66,1578,minecraft:bell
-306,69,1573,minecraft:banner
-307,69,1573,minecraft:banner
-317,69,1579,minecraft:banner
-317,69,1578,minecraft:banner
-479,58,1365,minecraft:chest
-478,58,1362,minecraft:mob_spawner
-480,58,1364,minecraft:chest
-267,67,1578,minecraft:bed
-267,67,1577,minecraft:bed
-250,68,1581,minecraft:chest
-252,68,1580,minecraft:chest
92,19,1580,quark:monster_box
-467,73,993,incubation:chicken_nest
117,21,1108,quark:monster_box
-259,55,989,minecraft:chest
-265,53,990,minecraft:chest
-255,65,1596,minecraft:bed
-255,65,1595,minecraft:bed
122,53,1064,minecraft:chest
120,53,1066,minecraft:chest
124,53,1066,minecraft:chest
122,53,1068,minecraft:chest
-489,26,1381,quark:monster_box
-94,25,1587,minecraft:chest
-93,25,1585,minecraft:mob_spawner
-278,25,989,quark:monster_box
-275,53,991,minecraft:chest
93,27,1599,quark:monster_box
-306,69,1584,minecraft:banner
-307,69,1584,minecraft:banner
136,15,1091,quark:monster_box
130,53,1140,minecraft:chest
130,53,1143,minecraft:mob_spawner
129,53,1146,minecraft:chest
-290,21,974,quark:monster_box
-337,32,1620,minecraft:chest
-337,32,1618,minecraft:mob_spawner
-339,32,1617,minecraft:chest
-526,27,1586,quark:monster_box
157,17,1467,quark:monster_box
159,19,1472,quark:monster_box
-518,18,1036,quark:monster_box
-520,8,1621,quark:monster_box
17,26,1637,quark:monster_box
26,28,951,minecraft:mob_spawner
25,28,953,minecraft:chest
42,15,944,minecraft:mob_spawner
45,15,946,minecraft:chest
44,15,947,minecraft:chest
-306,14,940,quark:monster_box
-374,17,937,quark:monster_box
-319,69,1634,minecraft:brewing_stand
-288,20,1660,minecraft:chest
-285,20,1660,minecraft:mob_spawner
-548,15,1020,quark:monster_box
174,12,1033,quark:monster_box
86,31,888,minecraft:mob_spawner
88,31,890,minecraft:chest
-442,71,887,minecraft:beehive
-316,13,887,quark:monster_box
189,65,1161,minecraft:chest
