x,y,z,uuid,type,alive,display_name,custom_name
250.71570089234822,69.0,-70.31040350871741,833faa99-f9b8-46f2-a035-49bd83709e71,minecraft:wolf,true,Wolf,[null]
330.5,41.0625,-91.5,22ec4e3a-0a0f-416e-b296-ee898e24c516,minecraft:chest_minecart,true,Minecart with Chest,[null]
162.5,34.0625,62.5,7af21aaf-ba38-4755-9171-d72ffe53ab3f,minecraft:chest_minecart,true,Minecart with Chest,[null]
381.91965942958973,63.0,41.69999998807907,79ffabbd-2aa3-48f5-b5df-89b10f07dc0a,minecraft:polar_bear,true,Polar Bear,[null]
273.5,35.0625,-185.5,b61c65ae-1f28-4624-b4d7-2db222826ff8,minecraft:chest_minecart,true,Minecart with Chest,[null]
127.03571799588241,63.0,-124.42349853848181,1f613f3c-b640-461d-8261-52c7c90a606d,minecraft:polar_bear,true,Polar Bear,[null]
127.21420997491013,63.0,-118.14012016672515,4dcefb51-67fc-4b8c-9722-3c55c1cd4988,minecraft:polar_bear,true,Polar Bear,[null]
113.39999997615814,63.0,-150.0,6b90547c-c4a4-4c70-97b7-2b3e01db3fd7,minecraft:polar_bear,true,Polar Bear,[null]
341.88499999046326,14.0,82.50999999046326,5ebb11e4-37be-4a05-a570-3ef41871d65b,minecraft:chest_minecart,true,Minecart with Chest,[null]
106.0,63.0,59.0,6d107758-7a69-4d26-8e9b-5c0a6597ed64,minecraft:polar_bear,true,Polar Bear,[null]
104.5,25.0625,105.5,7ff14777-799d-4089-bc7c-5ef23d55a2c8,minecraft:chest_minecart,true,Minecart with Chest,[null]
169.5,26.0625,98.5,a078f06f-2bd8-4afd-be03-f1b4110406de,minecraft:chest_minecart,true,Minecart with Chest,[null]
83.97216138883167,63.0,95.092214029698,045de322-7b22-4593-a351-ad9a17c3b38b,minecraft:polar_bear,true,Polar Bear,[null]
84.33980044034492,63.0,96.80669573291287,483ffcac-74b8-43f1-8174-b7ede21498c4,minecraft:polar_bear,true,Polar Bear,[null]
361.5,36.0625,-221.5,da2d7519-dcc2-4032-9c1f-a0c564d95a45,minecraft:chest_minecart,true,Minecart with Chest,[null]
360.3508275920926,65.0,-221.6377576944083,1cbe6799-97e1-406b-9943-efcccde868ed,minecraft:fox,true,Fox,[null]
179.0912468160162,63.0,96.9430781921227,124bfe1e-d9e8-46ff-921e-ade565168795,minecraft:polar_bear,true,Polar Bear,[null]
188.69999998807907,62.529603502946856,100.19786419357793,332da943-9332-4553-b9a2-7de59337558b,minecraft:polar_bear,true,Polar Bear,[null]
416.50258145103163,20.0,-149.85173978190204,0f03712c-e6f8-4362-af86-7883e2e116d2,minecraft:drowned,true,Drowned,[null]
183.5,17.0625,124.5,17b8d9e7-b35e-47c1-a32d-91f489519ed2,minecraft:chest_minecart,true,Minecart with Chest,[null]
234.5,24.0625,116.5,a530595c-b0c7-49a9-8e0f-e18adf63064e,minecraft:chest_minecart,true,Minecart with Chest,[null]
417.4623318813704,318.2247079946041,30.80408899885191,4cd0f818-8c70-4c9a-8d12-d92d4cc96f42,minecraft:small_fireball,true,Small Fireball,[null]
105.0,63.0,113.39999997615814,ecbf63a3-56b5-4d16-a715-5592ade29115,minecraft:polar_bear,true,Polar Bear,[null]
275.5,37.0625,-236.5,438a7686-19db-47ed-8039-5acd5d575d4c,minecraft:chest_minecart,true,Minecart with Chest,[null]
284.6713394939082,71.0,-225.33089542084628,558e2664-44c9-4a37-b880-85d149b6cbaa,minecraft:wolf,true,Wolf,[null]
355.57804741148306,56.0,-229.27805002197982,b738df82-f0d0-4c74-bb21-838c6d408508,minecraft:enderman,true,Enderman,[null]
354.30000001192093,56.0,-227.30000001192093,fde34665-e3b9-48a9-a8b7-6d379f10a2f1,minecraft:enderman,true,Enderman,[null]
346.7799887854419,864.4254304878993,-235.45887449250296,282e06d6-386d-4eec-896c-8148df58749e,minecraft:small_fireball,true,Small Fireball,[null]
79.5,23.0,-146.56344382028976,74e3b897-39ed-4507-bebf-3fb72f5ac4a9,minecraft:enderman,true,Enderman,[null]
125.0,63.0,-238.60000002384186,0008786d-5e69-4df6-adc9-1b84ba7cae8b,minecraft:polar_bear,true,Polar Bear,[null]
64.32716465224665,95.74079239933145,-208.85136708992033,f558d077-8ad8-4de4-b9a8-36555b059780,minecraft:small_fireball,true,Small Fireball,[null]
91.5,29.0625,120.5,4a9595f5-7ac8-428c-9bc6-1d1886571d9d,minecraft:chest_minecart,true,Minecart with Chest,[null]
69.5,23.0625,-141.5,0684873f-d708-4363-aa37-59839480e0ce,minecraft:chest_minecart,true,Minecart with Chest,[null]
64.62196153629063,113.45233565670416,-95.82728855912374,7752e4b2-b5be-44f5-b4d3-cc9dc12d50da,minecraft:small_fireball,true,Small Fireball,[null]
64.5,20.0625,-109.5,a5490a37-99a4-43ae-b31b-d1cabbad7c30,minecraft:chest_minecart,true,Minecart with Chest,[null]
77.5,26.0625,-103.5,beacee74-e1ba-4149-9a12-27bc0732775e,minecraft:chest_minecart,true,Minecart with Chest,[null]
86.0,63.0,-238.0,f3f3d454-70b2-4c91-995c-65ba9c6fd73b,minecraft:polar_bear,true,Polar Bear,[null]
366.0,63.0,116.0,01e1d0f0-7873-4c53-8af6-683f261c9fbe,minecraft:polar_bear,true,Polar Bear,[null]
417.5267371231621,569.4500100390011,-189.55865471685382,24e8c7b7-ae02-4484-af84-f174023f61ed,minecraft:small_fireball,true,Small Fireball,[null]
-173.69999998807907,73.875,1229.300000011921,0353ae16-8ce5-4c8f-a10c-5148e4e8e83c,minecraft:player,true,Ail3an,[null]
-177.75190275228988,69.0,1268.1881085011873,c6164393-0d13-4f19-bed3-3d2d5b03156c,minecraft:sheep,true,Sheep,[null]
-168.0898021021577,69.0,1267.5664889402633,82c79f65-a153-48c2-b3a2-2475a20c7362,minecraft:sheep,true,Sheep,[null]
-166.22462838234833,69.0,1276.7297353158485,02b7964c-f6ba-46d7-8f22-0d3f865dca51,minecraft:sheep,true,Sheep,[null]
-176.15364647348855,70.0,1246.7941477723016,057c22d5-d88d-47fb-9eac-767758c7758f,minecraft:sheep,true,Sheep,[null]
-142.78919127023383,69.0,1240.7152987446013,4b18a832-ba77-47db-a77c-956df83a9633,minecraft:sheep,true,Sheep,[null]
-162.3436629737994,71.5,1232.4875968088782,e8202b97-8519-46f5-b31d-56f40569bcf2,minecraft:villager,true,Cartographer,[null]
-161.73799148919016,68.0,1324.2286466879623,711b85d6-c118-49ef-8e34-ad4b827ca755,minecraft:sheep,true,Sheep,[null]
-212.501156262142,76.0,1332.2688908016564,b15b18be-1089-4dc3-9d02-5ba7dd3a8886,minecraft:sheep,true,Sheep,[null]
-236.24753493461944,66.0,1259.2751208087461,eeb99cd7-df79-4ddb-ba75-dea2ca93edb4,minecraft:pig,true,Pig,[null]
-236.23500378050772,66.0,1260.767227533841,7cdfff5b-4545-4b5f-9b1e-68f32ea5ba2d,minecraft:pig,true,Pig,[null]
-235.24750621572795,66.0,1265.8001222135033,f33d6d6f-932a-4756-b6f2-4016869e7a46,minecraft:pig,true,Pig,[null]
-214.77413392207777,64.0,1279.2258302175085,672baf88-76a0-4a9f-a657-b2e5a31910d1,minecraft:pig,true,Pig,[null]
-143.16878924961432,69.0,1342.8318581660158,6cc773e8-670b-4998-9cef-922a0ec41016,minecraft:sheep,true,Sheep,[null]
-248.75328295418865,65.0,1252.8005884371294,18bb2d86-509a-422a-a930-2c85ae698046,minecraft:pig,true,Pig,[null]
-128.73394601398684,68.0,1236.7851235109456,9dd8b8af-37cc-4f8e-9572-5c486b10071c,minecraft:sheep,true,Sheep,[null]
-156.18371904856818,67.0,1355.7537181656542,dc112889-5467-463b-8e9d-73ce939bbc06,minecraft:sheep,true,Sheep,[null]
-117.77731841546641,68.0,1367.1566456602857,bf482234-1c3b-4bb0-934e-4e777a8e33fa,minecraft:cow,true,Cow,[null]
-158.8194918811047,67.0,1371.2475255767597,8e57c643-0bf2-461a-b1fb-033b61b4d1c7,minecraft:sheep,true,Sheep,[null]
-145.76400109358607,67.0,1373.277139292102,a11f9f2d-1238-4592-86cb-c6b3eb42704c,minecraft:sheep,true,Sheep,[null]
-143.76981606047852,68.0,1375.829824523345,2e92dea8-ba40-4687-8c56-92c2f85c1f62,minecraft:cow,true,Cow,[null]
-120.17101212772701,68.0,1359.0338613163588,1ecc1ad2-bc3c-4e3a-9d68-9b8c36f209bc,minecraft:chicken,true,Chicken,[null]
-123.09878843693863,68.0,1360.5595205648765,490b9541-98ea-42c9-a6e7-f84c53ef2f5b,minecraft:cow,true,Cow,[null]
-118.90010591273969,68.0,1361.2541822103299,091f2ede-6675-4848-8c73-f7353d85074c,minecraft:chicken,true,Chicken,[null]
-110.80554959856188,68.0,1306.4782092433747,cde15dff-9861-496c-b968-732530268d65,minecraft:chicken,true,Chicken,[null]
-103.87950019410117,68.0,1330.7889643432,5c73b7a9-4cc9-49bc-af97-130b4eed339a,minecraft:chicken,true,Chicken,[null]
-108.77425186476496,67.0,1343.138280410379,f7b5695e-d1e5-4dc9-857a-11e82bba0d24,minecraft:chicken,true,Chicken,[null]
-204.16543118137062,90.0,1371.1628532616096,80f2ea99-49ee-4c2b-a7f0-a7168058dc77,minecraft:cow,true,Cow,[null]
-217.15253486514422,90.0,1374.5614946937148,2024c51b-a4b1-4e2e-981c-fc4fbe1d25e5,minecraft:pig,true,Pig,[null]
-157.23233718977812,67.0,1385.824627063493,181c1627-78bc-4de3-b6de-55ca6bdcb96c,minecraft:cow,true,Cow,[null]
-260.49386713388674,66.0,1285.449999988079,4572c70c-b8b5-4527-9713-4649671ece48,minecraft:pig,true,Pig,[null]
-264.25926643590606,67.0,1284.220345045849,a3fa329a-6353-460f-b5c4-10c0629a56ce,minecraft:pig,true,Pig,[null]
-273.5827985384953,66.0,1242.1126619807085,6a468e82-2a24-4852-b5a7-24d3eb442b4d,minecraft:pig,true,Pig,[null]
-132.51083233981583,67.0,1382.2584009946195,871f2c2a-04d1-47a5-befd-271af38a5df0,minecraft:sheep,true,Sheep,[null]
-179.77340151656125,57.0,1193.4677787884953,da11433d-f4f2-4a94-a4a2-d299bb107f62,minecraft:villager,true,Villager,[null]
-272.8065850825522,92.0,1350.1992388111455,e8323cdb-b52c-4bc9-856b-ea6980f7e0b3,minecraft:pig,true,Pig,[null]
-128.5,86.0000002,1168.5,87762b65-cc48-40ad-a547-f9632722a670,minecraft:villager,true,Nitwit,[null]
-127.5,86.5625,1169.5,2dc2aa51-1f09-4fb8-b35a-719770bc9a63,minecraft:villager,true,Villager,[null]
-125.23433926067267,90.0,1156.1693602175221,dd618d58-82ce-458e-9c5b-5e725067b4a4,minecraft:iron_golem,true,Iron Golem,[null]
-256.4727569993469,72.0,1177.444798060798,6ebd0347-c4f6-45c4-88fc-9a2dc695f1e6,minecraft:chicken,true,Chicken,[null]
-275.40574146601756,66.0,1189.501591958651,3b92e457-3026-4eaf-8d4c-b8f61732ddfd,minecraft:chicken,true,Chicken,[null]
-276.48621672627036,68.0,1206.250512364694,d2e21f4f-bdf9-403d-8ca3-1b909825563c,minecraft:pig,true,Pig,[null]
-71.9030472383999,74.0,1295.5201511469695,51320bf4-ac1c-46c3-9fdc-40a517862be6,minecraft:llama,true,Llama,[null]
-287.8230018057213,66.0,1224.1118411143507,078a261e-da9d-48e1-a1e3-0a4775f38af0,minecraft:chicken,true,Chicken,[null]
-85.63461905763936,83.0,1229.2003275774998,a78a5e1b-e592-4887-9f13-bd87c33673dc,minecraft:sheep,true,Sheep,[null]
-137.49281407774197,71.0,1178.2391963821053,032fd017-809c-43d6-b5cc-5e3f9ead3c45,minecraft:cat,true,Cat,[null]
-201.96784134228852,89.0,1400.830205888173,f8aa0ad2-b18c-48b9-ab77-2d32ff250a31,minecraft:pig,true,Pig,[null]
-192.8379880736297,88.0,1395.8379850120343,83e886ed-7546-451b-807a-ed97b38a04a8,minecraft:pig,true,Pig,[null]
-198.7433219285113,88.0,1407.6863342261204,29af032b-b850-4a95-866b-6f33bd12fa1f,minecraft:chicken,true,Chicken,[null]
-192.67011326546557,88.0,1394.2735774752052,5df82db6-39e5-4d37-a7a5-8aae31769ee2,minecraft:pig,true,Pig,[null]
-282.7757035863011,64.0,1183.741072252353,d8b1a9dd-805f-497e-b844-ade71b3b3147,minecraft:pig,true,Pig,[null]
-188.49929879535262,88.0,1415.7968046366027,249e7c1f-310e-4c60-8775-858b60d839f0,minecraft:chicken,true,Chicken,[null]
-188.1249794681512,90.0,1408.7921573172016,7fc4e1fb-1bb8-49c2-88ae-71deccbb3e0d,minecraft:chicken,true,Chicken,[null]
-185.78754127929997,90.0,1411.842344678991,c1bbc8b0-6495-4edf-b174-bcace80cefdc,minecraft:sheep,true,Sheep,[null]
-182.55000001192093,81.0,1421.4902578141275,2761398f-f6bb-4d5c-bb60-f529bf5c811c,minecraft:sheep,true,Sheep,[null]
-174.59091623379663,73.0,1419.5149500485195,87f24534-33ad-4e89-9b80-27226e1ea20f,minecraft:chicken,true,Chicken,[null]
-181.46261442374714,80.0,1421.5000002123302,f6c231de-096b-4246-bfaa-7d92ead2f4f6,minecraft:sheep,true,Sheep,[null]
-156.9327651192043,68.0,1417.0708212032507,0e417464-ea37-417e-911b-e3eb3f6281c1,minecraft:chicken,true,Chicken,[null]
-313.0857133460111,64.0,1208.1568031195318,fb466130-b456-4d14-9e91-e14adc08c9ab,minecraft:chicken,true,Chicken,[null]
-54.60253535183276,59.0,1228.5580625584332,960718c7-ffb7-41a1-ad32-291edcdc9080,minecraft:enderman,true,Enderman,[null]
-54.26169145286298,80.0,1298.44827154091,18891a17-707c-4698-9f37-981c7d96e1e6,minecraft:llama,true,Llama,[null]
-293.80271236199434,66.0,1159.4916701054087,5637d245-a204-4ab2-b08c-8ba58cdf0fcb,minecraft:cow,true,Cow,[null]
-320.51837668913646,64.0,1141.7159620572365,9f6cbd49-becf-4b23-bc29-8c80e968c93d,minecraft:sheep,true,Sheep,[null]
-320.7834017846783,64.0,1171.157076610579,5f5924c0-e5cd-4590-9fcf-8bdbbbc53c7f,minecraft:sheep,true,Sheep,[null]
-327.1960676333268,64.0,1167.8448957354126,9b28fafd-67e2-43d5-a786-275c4837793b,minecraft:sheep,true,Sheep,[null]
-326.2002558975454,64.0,1195.899362871126,e370e7e0-1207-44ae-afcf-6cc23d49fd74,minecraft:chicken,true,Chicken,[null]
-194.10293397309948,88.0,1426.827162276769,b8747ac8-eedd-4706-ab3c-1ba6ad0e076e,minecraft:chicken,true,Chicken,[null]
-253.22578319106108,65.0,1437.8286918809565,f9aafc6a-0003-4d4e-9ed8-413db2b3a8b9,minecraft:cow,true,Cow,[null]
-275.86055836991915,65.0,1435.7845417296496,e81c4316-87b2-48bf-af74-410722e7c606,minecraft:cow,true,Cow,[null]
-26.85977062130666,88.0,1355.78443899253,6c955427-abb7-47a8-aefc-6397c1309f9d,minecraft:chicken,true,Chicken,[null]
-104.62002408487318,82.0,1131.2638423867147,e8a49834-8fad-43cc-82e1-e40a53d42ed6,minecraft:pig,true,Pig,[null]
-343.4654536369302,67.0,1211.8083391582554,e73139dd-09ce-4744-8786-ead242170e3b,minecraft:sheep,true,Sheep,[null]
-350.21838328907506,64.0,1180.7318939115328,152ce45a-2072-48df-95c0-bc4d52ca6bb8,minecraft:sheep,true,Sheep,[null]
-342.32481714033275,64.0,1192.3938260759614,dbe0253c-26b4-4abf-8903-6abe13fc1820,minecraft:sheep,true,Sheep,[null]
-346.83418318291916,68.0,1201.079442259262,aac955a2-cc12-4778-a432-b6360a704b19,minecraft:chicken,true,Chicken,[null]
-347.15807765577114,64.0,1178.7783271775845,07a96d34-18cb-46e0-a53e-f9e0e7b5cd05,minecraft:sheep,true,Sheep,[null]
-16.505061535146943,92.0,1246.4371599741878,aaf7b198-287a-47c4-8b8c-47d123de5484,minecraft:chicken,true,Chicken,[null]
-286.4089348282811,82.0,1129.9928654895634,b8444d07-f9f9-4d5c-a3c7-00182d649478,minecraft:cow,true,Cow,[null]
-285.44999998807907,82.0,1130.550000011921,12f452e5-748a-4f5e-b38e-30ec0aedf6ae,minecraft:cow,true,Cow,[null]
-350.5,31.0625,1266.5,63d950fb-4b31-47f1-af75-20e0e7b8df69,minecraft:tnt_minecart,true,Minecart with TNT,[null]
-289.80266772289696,81.0,1133.5052672355666,27777c79-a7c4-4dba-be0e-3ef3361f0c7d,minecraft:cow,true,Cow,[null]
-105.5447012481043,83.0,1132.443386534615,ae3132df-6cbb-4db1-ac43-769c6b7f1652,minecraft:pig,true,Pig,[null]
-99.74220436141063,83.0,1132.4919897921009,b997df77-6afb-490d-ba40-2bdaed6e509e,minecraft:pig,true,Pig,[null]
-111.44999998807907,81.0,1135.550000011921,36d41bab-35c8-4e35-98ef-393502f5d4c6,minecraft:pig,true,Pig,[null]
-20.21888505022924,88.0,1360.4983748892425,4cc7a1de-1c24-4391-bc9f-5adb0de0edbe,minecraft:chicken,true,Chicken,[null]
-347.74082614189876,76.0,1402.1641853647486,bf118034-dcf3-4809-924f-8d899dd1b3c2,minecraft:sheep,true,Sheep,[null]
-349.20935695181066,80.0,1407.1985268925864,22cefb42-5778-4af1-83d6-864e31687e8a,minecraft:sheep,true,Sheep,[null]
-339.2145118914662,87.0,1448.799576988339,070c0b20-9ec7-49a4-bb13-c31ef1257580,minecraft:pig,true,Pig,[null]
-354.5,31.0625,1266.5,2ee361ee-80b0-4538-807a-ab3ba68718de,minecraft:chest_minecart,true,Minecart with Chest,[null]
-355.3939016764492,64.0,1219.9056971993634,141768cb-8000-4427-9010-49259965618b,minecraft:chicken,true,Chicken,[null]
-272.8342148168091,67.0,1460.224095503493,954cb25a-a23c-41c2-a8ae-07d371772878,minecraft:cow,true,Cow,[null]
-284.14236866314235,67.0,1462.8576555906257,a2580530-ad3c-4c94-8925-dbe4dee26115,minecraft:cow,true,Cow,[null]
-279.34451719108205,67.0,1466.6315501579538,f646b4f8-f264-4e21-a125-7bc3aba319ee,minecraft:cow,true,Cow,[null]
-279.1277613651026,67.0,1464.2030601882614,a685f103-39be-4f48-b058-ed4e971e28db,minecraft:cow,true,Cow,[null]
-68.10393942017984,66.0,1478.904009640386,73f9f942-2eb0-4496-89f1-e9769a29c05b,minecraft:rabbit,true,Rabbit,[null]
-43.74023807867038,66.0,1461.7999999970198,6ceef053-3675-4508-855d-7eb5ad601c7a,minecraft:rabbit,true,Rabbit,[null]
-76.43589416996019,64.35444801401209,1458.5514826453045,1e9628db-bbc9-4134-9573-57daf18a3239,minecraft:rabbit,true,Rabbit,[null]
-345.4593016772326,73.0,1396.2558753190938,e9cc3891-612b-44a0-8d12-73be9b078a26,minecraft:sheep,true,Sheep,[null]
-360.3114327706733,67.0,1409.1944519866709,1c054289-f219-407e-b5b6-21d138c65cf9,minecraft:sheep,true,Sheep,[null]
5.629335086484247,95.0,1286.8852544117635,db962674-53ad-464b-a410-0f5ff6e6dc4c,minecraft:chicken,true,Chicken,[null]
-14.710645444821049,89.0,1310.2324895083705,a2ab8109-98cc-48e3-a98b-43bded2e6322,minecraft:chicken,true,Chicken,[null]
-273.1866437958064,67.0,1471.4647798474932,3a4d7a57-1f98-4cf5-87d3-cdffaf01c9d8,minecraft:cow,true,Cow,[null]
-269.8400926535982,66.0,1469.2535921710753,19fc8a4d-41f2-45d9-b336-912f5e430791,minecraft:cow,true,Cow,[null]
-1.550000011920929,95.0,1217.1099517068471,e1787abe-25ce-42cb-9af7-33da22719302,minecraft:sheep,true,Sheep,[null]
-13.16194024093302,91.0,1318.1620212124194,41e0949a-bef4-4678-babf-cf884adeafb1,minecraft:cow,true,Cow,[null]
-6.502870266131814,92.0,1333.1128605746646,5ade8a93-533c-49cf-9b3f-b7145f312cc3,minecraft:chicken,true,Chicken,[null]
-1.8538331505123882,92.0,1364.8832126431798,e9d06656-2cd2-420e-8908-d61a52042fa9,minecraft:chicken,true,Chicken,[null]
-10.386657717159578,91.0,1356.6003906135782,45fb51d1-8ea9-4925-bca6-8357a28cc848,minecraft:cow,true,Cow,[null]
-14.192336927471754,90.0,1357.4780094915636,77bba1d6-8e56-476f-8b4c-f55d424e2d96,minecraft:cow,true,Cow,[null]
-10.496670199828323,92.0,1336.1973515439183,bbdad0c8-745d-48a7-892c-8f3442d4029d,minecraft:cow,true,Cow,[null]
-8.417716651306101,92.0,1335.1794230307967,e05d78d5-e574-4126-bb35-2abb6cf454d0,minecraft:chicken,true,Chicken,[null]
-359.2277596558161,67.0,1194.8694826340493,2779f88c-b14c-47e7-bc14-875ef0b69dbc,minecraft:chicken,true,Chicken,[null]
-364.23698359261255,69.0,1173.7747596065783,98146975-85cf-4474-83ca-d7e8ffc49814,minecraft:sheep,true,Sheep,[null]
-49.424884895812326,69.31760000818967,1106.5751157833015,7c71213a-b5ba-40bc-9a99-6ea7d710130f,minecraft:rabbit,true,Rabbit,[null]
-211.77076309711492,66.0,1484.4803573024774,ca6192d4-85cd-4845-b55d-6b9a568671ec,minecraft:cow,true,Cow,[null]
1.4710073921783,93.0,1292.8687206928028,e5e0fa8d-e272-4105-97b3-d3db5102b422,minecraft:chicken,true,Chicken,[null]
2.4935724635383645,89.0,1300.8864498358218,487138e3-89f8-42cb-90dd-46f1375e24e4,minecraft:chicken,true,Chicken,[null]
9.849832931117358,96.0,1235.7990260698064,e4ac592b-395c-4bc3-9862-2483efcbaf78,minecraft:cow,true,Cow,[null]
-4.9758937298625145,96.0,1234.4987358021363,908b36df-bed9-407f-9e92-d8d64b74798f,minecraft:sheep,true,Sheep,[null]
7.832492940831969,97.0,1247.1701922010475,ede1ffae-e0c5-4f17-a5f7-e024a0e4cbc3,minecraft:cow,true,Cow,[null]
18.169837537638195,97.0,1246.229208326773,5e4c1bec-1f5d-4e12-a38b-cede148b7193,minecraft:cow,true,Cow,[null]
-49.748100353524876,68.0,1479.7480276602741,515949e3-f810-4bf1-aef1-57747ff4a555,minecraft:rabbit,true,Rabbit,[null]
-56.563024044243186,67.0,1478.436987966826,9a45c6cd-9fa1-47dd-85a3-0fc3021d9499,minecraft:rabbit,true,Rabbit,[null]
-40.15004656121406,68.0,1479.9717496730157,b9616589-27f4-4a97-824f-833db7c4c587,minecraft:rabbit,true,Rabbit,[null]
-384.62097067933774,64.0,1101.730821354082,e395c99d-ee68-47f8-aa1b-f7d1b10aeb08,minecraft:pig,true,Pig,[null]
8.296982383739584,89.0,1342.849352187113,6d293139-19f9-4774-9325-2315557db6ee,minecraft:chicken,true,Chicken,[null]
11.942679869264646,90.0,1345.5851052702146,ec7647d3-bf63-42bf-a0a8-5687e3243e36,minecraft:chicken,true,Chicken,[null]
-373.51086430953,63.0,1449.2281688249882,3c210ed6-db23-4f35-8b29-301f6e513f37,minecraft:cow,true,Cow,[null]
-268.274610448471,64.0,1488.395612000482,f5d3336b-f349-4609-9688-5c20c8f7a98f,minecraft:cow,true,Cow,[null]
-34.04928739056009,68.0,1089.0492863494405,f7be99eb-549e-4a2b-aa01-c484612b742d,minecraft:rabbit,true,Rabbit,[null]
-39.23247570470502,69.0,1096.2302306706695,4c1f6a9d-8c59-498e-892a-b31aa1825a6a,minecraft:pig,true,Pig,[null]
4.839270425352023,95.0,1213.7932431443237,ed8c16c1-332a-4c1e-8dc6-efb6a19b5ab8,minecraft:sheep,true,Sheep,[null]
-371.5,37.0,1186.5,c16df4b7-4c36-46ff-b75d-fd4e26b5bc0a,minecraft:chest_minecart,true,Minecart with Chest,[null]
14.170830231324459,95.0,1202.2380553255427,0b471bf6-b5d2-4976-b7b6-c5e365915c1e,minecraft:cow,true,Cow,[null]
0.8365075568850807,94.0,1196.7698902580166,2e995994-3e05-46b4-be59-82fda4d07792,minecraft:sheep,true,Sheep,[null]
-366.1655904061658,63.0,1078.768193583136,6d0908b5-f3c9-4718-a52e-ae9ffb93ace8,minecraft:cow,true,Cow,[null]
-92.72527827402652,66.0,1491.7673101123755,8ee99034-9e49-47ad-8154-14f63254a18e,minecraft:rabbit,true,Rabbit,[null]
14.85808398423782,66.0,1482.8581267239888,5796dad6-1cf4-403c-8cd7-3bfcdebf14e0,minecraft:rabbit,true,Rabbit,[null]
19.5,42.0,1270.5,2cf5d16c-70cb-4830-84c0-06a19a373f68,minecraft:tnt_minecart,true,Minecart with TNT,[null]
-168.2541501064285,67.0,1495.1909384802038,5689b41b-6450-4188-958d-9764200f4c86,minecraft:cow,true,Cow,[null]
-181.74121575110365,66.0,1492.804765320369,d12be07f-bc76-4c5e-ad60-d4d8152cff15,minecraft:sheep,true,Sheep,[null]
-183.73171193404042,66.0,1494.499383606826,5a10ead7-80bf-4434-bbdb-3b079e90e3ac,minecraft:sheep,true,Sheep,[null]
-192.19712154469153,66.0,1496.481368487053,983d03ee-9108-4a5a-8f66-5e48424d74d0,minecraft:sheep,true,Sheep,[null]
-384.81511260240154,68.0,1114.8153975472253,61449667-a031-44f0-9a2e-292804241225,minecraft:pig,true,Pig,[null]
28.686718587971768,69.0,1084.6826893043506,86bc840f-f039-41c6-b282-64d10d24233a,minecraft:rabbit,true,Rabbit,[null]
-347.2201458730711,64.0,1066.8533579537495,4f6ee2a9-ecbd-4864-8533-77dc633a940e,minecraft:cow,true,Cow,[null]
-339.4993909977159,64.0,1059.7793021084076,8006d8d3-6529-49b4-baa2-6b8a48dcdff4,minecraft:cow,true,Cow,[null]
-188.72237842875134,67.0,1510.7631725106091,2984ad96-452e-4750-b230-780693f0f2c5,minecraft:sheep,true,Sheep,[null]
-187.78763057891666,67.0,1516.1485657568892,fd19b0e4-7087-4c94-aedc-2b1dc8016e67,minecraft:cow,true,Cow,[null]
-183.22779511165942,67.0,1513.1485807687384,8143205b-b431-4a59-a38f-3d98cadaa300,minecraft:cow,true,Cow,[null]
-114.24316807482597,69.0,1507.3788521212218,e641d7ba-3280-4130-b16a-92896ae1ec15,minecraft:rabbit,true,Rabbit,[null]
44.80274952875508,77.0,1224.5052264884346,357f012f-5a45-4e0b-9031-e7eba20c39a1,minecraft:cow,true,Cow,[null]
28.857936153276558,95.0,1238.8558830595691,5dc20ec6-2749-4d6c-b329-9ca87cd3e7b9,minecraft:cow,true,Cow,[null]
-272.09128866892246,65.0,1496.8596288001906,a155ab8c-37ce-4528-ac2d-532709554383,minecraft:chicken,true,Chicken,[null]
-279.8030969147496,64.0,1512.7316206043815,466110fc-19cc-4fbe-b286-19b84a9cd9f5,minecraft:cow,true,Cow,[null]
-408.5,37.0,1186.5,bce96edf-ab6e-4694-88c2-3122df97368d,minecraft:chest_minecart,true,Minecart with Chest,[null]
-97.98778506799736,65.0,1507.0440992984725,fb8ce51a-c92a-43ed-b516-7cb03f70dd68,minecraft:rabbit,true,Rabbit,[null]
19.098702541790413,63.0,1516.1193221281767,34f2835c-06be-496b-a403-69b108639b0d,minecraft:rabbit,true,Rabbit,[null]
13.69969190898571,63.0,1506.7129717615437,80c9abe1-d921-4033-b36d-26e000e95071,minecraft:rabbit,true,Rabbit,[null]
-357.8587851306039,64.0,1055.784307229024,32717bac-c0e6-45e1-87d0-cd7412df0257,minecraft:cow,true,Cow,[null]
50.20000000298023,90.0,1155.4876886485506,f9495d4a-7511-41c5-80b0-ad06888a63b8,minecraft:rabbit,true,Rabbit,[null]
62.469298127969786,71.0,1217.851388037925,3b78f3f6-1872-4074-90b2-03f207975cc1,minecraft:cow,true,Cow,[null]
-427.2527675041674,64.0,1298.7472324958303,d1988c01-5f5f-4e1d-b44b-6f1d2b2f99eb,minecraft:rabbit,true,Rabbit,[null]
-426.9071943539334,64.0,1298.1224210257938,77f7f9ea-daa3-42c8-a662-c308054dc261,minecraft:rabbit,true,Rabbit,[null]
-427.97078314614544,64.0,1311.8411341116885,ecedf5f7-3de3-408d-9d2b-e3b02687db74,minecraft:rabbit,true,Rabbit,[null]
-417.54121908700864,64.0,1259.236130928247,8d241da6-a916-4d66-96e2-ede1628026cf,minecraft:pig,true,Pig,[null]
-218.85289066208725,66.0,1055.1591926479427,f1eb2fcc-c318-4793-b518-8e2c29a682ca,minecraft:horse,true,Horse,[null]
-194.8639534924196,66.0,1054.1281355090632,d6a01dbf-4c9a-4472-8414-4bd8a427d404,minecraft:horse,true,Horse,[null]
48.667413730343064,74.0,1140.5182269846466,f870c4ef-1d41-4a69-bcbf-fb1fd271636d,minecraft:rabbit,true,Rabbit,[null]
56.47927899848803,81.0,1150.7999999970198,feadcb4b-58b6-44c7-9889-bbc588ddba56,minecraft:rabbit,true,Rabbit,[null]
-424.15446962379247,65.0,1499.7927139123149,fee3a57e-8413-4df7-908e-e736c28833ba,minecraft:sheep,true,Sheep,[null]
-425.1996726187109,67.0,1516.8431943163187,67e5ea0c-5b1e-4565-bc10-3cc974902c2b,minecraft:sheep,true,Sheep,[null]
-420.41492271660826,66.0,1523.2691057744628,811baa04-4732-49af-8c44-9e697262210d,minecraft:sheep,true,Sheep,[null]
-428.90839870708925,64.0,1289.9083216891497,d73f09da-ac69-429c-9fd2-99f6e8b5b0cf,minecraft:rabbit,true,Rabbit,[null]
-439.2480016722383,68.0,1101.2043416920264,57f7877c-3414-440b-a4c3-b180badc5f91,minecraft:pig,true,Pig,[null]
-429.7065081232003,68.0,1086.7421633629867,442641c7-af07-4ca0-b598-1f22e43c2735,minecraft:pig,true,Pig,[null]
-446.21002357661973,68.0,1104.2100534470683,193ddfd1-1c0e-467c-b3cf-d44d541cf3a9,minecraft:pig,true,Pig,[null]
-424.83559229384565,68.0,1100.1643163972442,14741590-793d-46f9-a633-810f3c5f4f2c,minecraft:pig,true,Pig,[null]
-251.16087112076193,66.0,1546.1609846236654,2bd34d90-7e9b-4825-afe3-abbfac74ff96,minecraft:chicken,true,Chicken,[null]
84.20134447419504,68.0,1527.850098554387,ad0cb14c-1e05-4bd3-a6f8-7adfe7dd1f5d,minecraft:rabbit,true,Rabbit,[null]
79.89999999850988,68.0,1516.2566384801953,9902a163-65bc-4acb-960d-68c82ed1564e,minecraft:rabbit,true,Rabbit,[null]
66.16851044032163,71.0,1032.8565232509977,4a58d5db-91e3-4268-91b7-84b5a7783fee,minecraft:rabbit,true,Rabbit,[null]
69.64929502525207,72.0,1181.3507280807657,3997855a-e726-45cf-a716-73936aa4046c,minecraft:rabbit,true,Rabbit,[null]
58.84746246358387,74.0,1359.8579270947705,3a297821-ecec-4778-9d3d-fb67a0f7b611,minecraft:chicken,true,Chicken,[null]
70.22729512618092,73.0,1345.8657406105401,f95f7f68-8ce9-4cd8-a5ea-61a12be9c46c,minecraft:chicken,true,Chicken,[null]
-387.8400814144708,64.0,1033.2305021371583,fc2041ef-354e-4112-8243-91c857002d11,minecraft:cow,true,Cow,[null]
-292.85406154375875,72.0,1552.7172790011107,8757abc5-483c-4fe8-acca-b9d0ed29fef3,minecraft:chicken,true,Chicken,[null]
-440.20363929853556,66.0,1243.7469442312076,7d528ff1-919c-4688-a5f6-96520b316f8a,minecraft:pig,true,Pig,[null]
-448.1551604376304,71.0,1497.8291465950595,b246ddf8-8552-412d-a7ab-12f3888e44ac,minecraft:sheep,true,Sheep,[null]
-437.79471716376867,69.0,1501.1520978332962,70b7f685-662e-4af1-b581-0faab3bd0d5c,minecraft:sheep,true,Sheep,[null]
-432.2647946489544,67.0,1543.4978535977993,91c8d60a-4c80-410b-bec6-e331f7834c6b,minecraft:sheep,true,Sheep,[null]
92.11546731135232,66.0,1493.1146090794962,b7483db8-90cb-41a6-b2ac-8a932e67cdbd,minecraft:rabbit,true,Rabbit,[null]
-379.1465404513455,65.0,1019.7786577847068,a6316563-5abc-4620-ad58-fba52d3f458b,minecraft:cow,true,Cow,[null]
-378.51579041881064,67.0,1009.4499999880791,a18d5547-80a4-4097-83e3-448291cfea7a,minecraft:cow,true,Cow,[null]
-389.7441296778261,67.0,1006.7477960602471,213f7bf2-d8f2-4405-8bd4-4a4b55159ba7,minecraft:wolf,true,Wolf,[null]
-393.7409155553576,67.0,1012.7329875846074,0b959f69-a8b2-446a-bd57-817d57a754d9,minecraft:wolf,true,Wolf,[null]
-447.8131924458412,72.0,1011.7476329460535,0f7075b9-adb1-4b91-853c-ac41a1b1098e,minecraft:sheep,true,Sheep,[null]
-449.0526234890713,72.0,1011.5346030035513,58447b2e-7313-4f7b-9f8a-0972e5b16444,minecraft:sheep,true,Sheep,[null]
-402.1517164917514,66.0,1014.2532890805206,87bab3b8-1722-4808-8e23-00b5ea142efa,minecraft:cow,true,Cow,[null]
-406.2658208342251,66.0,1015.2791923504316,6a7cc083-8ab7-45f8-80d5-b1a082d0dc14,minecraft:wolf,true,Wolf,[null]
86.23081088307974,72.0,1309.174164049184,1a5c5584-5a24-4839-a397-cbe75acee186,minecraft:chicken,true,Chicken,[null]
92.26065773991351,72.0,1301.193257256311,9835075f-b5f6-4da1-92c0-19f907a5bdd3,minecraft:cow,true,Cow,[null]
-353.1143358708936,72.0,1564.0736039480166,418336b3-93c7-4f27-9635-3ddb7740b975,minecraft:horse,true,Horse,[null]
-295.1968982757393,74.0,1552.4793639652714,35ff8cd1-f47f-4a4c-b58d-b7dd7f77f8d5,minecraft:cow,true,Cow,[null]
-279.76656601382473,69.0,1551.8261350772555,5ef20c09-7fc5-446c-a757-8c721bcd4874,minecraft:chicken,true,Chicken,[null]
-448.73065984121246,71.0,1480.7856372539957,bc23b575-dc78-47a7-b7d6-39ed36bc05e3,minecraft:sheep,true,Sheep,[null]
-243.25212760510132,68.0,1563.775369765554,6ca0f506-3a00-4f5f-bc61-69f55d0c09ee,minecraft:pig,true,Pig,[null]
-182.1049990253802,67.0,1556.112764010249,8bffad95-fc0b-483f-b98c-110ff36c7733,minecraft:rabbit,true,Rabbit,[null]
-165.02414106774373,65.0,1563.0242346588777,fde4a953-4997-4b1c-8670-b47645f1abaf,minecraft:rabbit,true,Rabbit,[null]
-145.40635478284543,65.0,1553.1000000014901,8b0477e6-ac64-4b75-8629-750e62e3fd62,minecraft:rabbit,true,Rabbit,[null]
-457.73285927361815,65.0,1297.7116935510292,b0829e65-021b-44df-981a-fcf7653d3f74,minecraft:rabbit,true,Rabbit,[null]
-330.4065648801692,66.0,1584.1006959363701,41ae8960-a9a5-458f-907a-d58c2f5df371,minecraft:cat,true,Cat,[null]
-323.2108968942054,74.0,1573.300000011921,7f2b1690-6496-4843-aae8-ab962132a0bd,minecraft:villager,true,Nitwit,[null]
-309.7193920039177,65.9375,1577.699999988079,07063cdb-7b08-4ec3-a4d9-ecbcadcf9185,minecraft:villager,true,Villager,[null]
-280.7630063052396,67.0,1578.7332137400158,e69a70e1-5b9e-4e67-8c6d-eca911f0ace1,minecraft:pig,true,Pig,[null]
-286.7727969297001,66.0,1590.5735314666908,99a1feed-7eae-4197-8391-687c4f947e4d,minecraft:iron_golem,true,Iron Golem,[null]
-476.3045748324064,70.0,1438.7999999970198,69b5b413-afc3-4224-a31d-4202f5914d9c,minecraft:chicken,true,Chicken,[null]
-473.1929463369965,67.0,1435.2703070437399,b2e52a84-a4db-4099-9bac-e2681aee0177,minecraft:chicken,true,Chicken,[null]
-129.88479171340398,65.0,1573.1236593587198,b3146784-1aed-4c01-ada8-5fb42bc3b4af,minecraft:rabbit,true,Rabbit,[null]
-470.781057672301,65.0,1112.8312003341562,30b86bd8-d503-4fb9-b3ce-9baebbc03c55,minecraft:sheep,true,Sheep,[null]
-134.18823677286366,71.0,991.5495268958181,20060932-389a-49bd-be80-1220ca3209f3,minecraft:rabbit,true,Rabbit,[null]
-434.92068627468814,92.0,1583.0838848179083,b8a909f5-5a75-4a2a-a207-fa8ca2fee4a8,minecraft:chicken,true,Chicken,[null]
-435.4842948588144,92.0,1582.7200125311247,edd456a9-9340-4381-bac6-285f6f457637,minecraft:item,true,Egg,[null]
116.12069546371444,75.0,1257.879286368596,a3165d49-f1c8-4794-8d1d-acffd143210e,minecraft:cow,true,Cow,[null]
94.02295657684316,74.0,1270.3895610904763,6c8bd034-1b5c-4db6-b945-9570cdb9b053,minecraft:chicken,true,Chicken,[null]
106.7619942096286,74.0,1271.815907477766,5e3ec5b6-f5aa-41f8-b67e-4ae40ef58496,minecraft:chicken,true,Chicken,[null]
-216.2533523937017,69.0,1573.2038389092406,6c57a56a-8726-40df-a3a3-563800f98e6e,minecraft:pig,true,Pig,[null]
-216.68915798759912,68.0,1570.7750000059605,0398f36d-67ec-47bc-be79-4fdd32231a68,minecraft:pig,true,Pig,[null]
-350.59780141068916,83.0,1571.8940660143348,eadc552f-d1b8-4250-9c09-97c4ddfcd206,minecraft:horse,true,Horse,[null]
108.26744917682171,71.0,1314.3003183383505,9bd2b574-4f32-4691-81b9-d8bd45fd795f,minecraft:pig,true,Pig,[null]
94.8361632773982,72.0,1330.5960091468098,aaed46d5-47ed-4807-bb52-1eb1edd2cb8c,minecraft:chicken,true,Chicken,[null]
108.36042652981625,71.0,1172.2923711638127,47bb5f90-5ae3-4a0b-ae89-4bb71923f93c,minecraft:chicken,true,Chicken,[null]
106.9169781761693,71.0,1173.0812106432713,35364d7c-8d43-42af-9b16-2835462d6c2b,minecraft:chicken,true,Chicken,[null]
-241.85666944989225,67.0,1571.8406965284612,69cca5e6-4383-41a1-a9fa-e8b7e8349fb0,minecraft:cow,true,Cow,[null]
98.06873049700226,68.0,1504.2157649156452,7068fa90-6974-48dc-bfef-41722badf54c,minecraft:rabbit,true,Rabbit,[null]
100.63519119566426,64.0,1569.6277213143935,78dd436c-71bd-458a-bcff-e0785789aafe,minecraft:rabbit,true,Rabbit,[null]
-401.2119250404362,67.0,1006.773658127232,d1d55253-3509-4772-bc72-08ddc0b06b32,minecraft:wolf,true,Wolf,[null]
-465.8359362397917,72.0,1468.7626257354593,d60f8b3f-a5f0-4b7f-9e10-5a28e9b28dba,minecraft:cow,true,Cow,[null]
-467.19604486591135,73.0,1482.4656788284772,1b013e3e-ea5d-4249-b2db-6136af42ae20,minecraft:cow,true,Cow,[null]
-479.2635886412897,77.0,1006.4990439186365,cefe0556-1411-4bbb-a149-ca65bce0d751,minecraft:sheep,true,Sheep,[null]
-438.38825700533613,71.0,988.0369652441053,28b6eaac-7674-48f2-bbe9-e24b029b18ec,minecraft:chicken,true,Chicken,[null]
127.21675108855698,77.0,1180.149144885844,f8f0b762-c984-42a8-ae0f-f9eaa725b864,minecraft:chicken,true,Chicken,[null]
-437.2219737402722,92.0,1597.155527194576,c92fcb03-08e2-4782-93bc-0ab54fbb5f86,minecraft:cow,true,Cow,[null]
-427.86323029143244,91.0,1587.1154497624777,b97a3469-6968-440f-8b00-cdf9028018a6,minecraft:chicken,true,Chicken,[null]
-433.15018252691533,92.0,1582.833770969716,a1a01e53-4e04-47db-b2f3-bfbbc5ad1b07,minecraft:cow,true,Cow,[null]
-448.3975896968218,91.0,1597.721518401689,f2abc20a-c997-4de2-baac-830591424657,minecraft:cow,true,Cow,[null]
-266.3796705980557,67.5625,1578.6491869786703,5053e522-1e33-4fa9-a2bd-a70d9c73bc1f,minecraft:villager,true,Farmer,[null]
-247.12928090911296,65.0,1598.2201320158754,77b2f4ed-5b10-40f5-98dc-37ada624039d,minecraft:cow,true,Cow,[null]
18.95678220024864,67.0,977.1177828250557,9f0d23aa-2a97-4391-81c1-1c01827dbf83,minecraft:rabbit,true,Rabbit,[null]
116.3488768870479,75.0,1018.5284656709982,3a5678a4-ccda-4534-b776-8b1cb6254620,minecraft:rabbit,true,Rabbit,[null]
121.22186701653024,71.0,1321.2576734060501,64bf08f7-f38c-4b53-953a-8a9ac6e3b9ed,minecraft:pig,true,Pig,[null]
115.75212249883062,73.0,1333.4840065253786,4ca40001-04f6-4f23-8698-717d26e3e45a,minecraft:pig,true,Pig,[null]
-208.49622331705368,68.0,1588.2801949516975,0d1b39f2-3e98-4d7a-82db-cf1306c43ed8,minecraft:pig,true,Pig,[null]
-482.2351499303574,63.0,1427.8352518765284,5b677dcf-2ad9-4af9-ac2e-92834e29117f,minecraft:chicken,true,Chicken,[null]
-477.22199409169383,70.0,1438.4359634314199,5201716d-026c-4099-af18-6775e4729fd2,minecraft:chicken,true,Chicken,[null]
-484.25004295207816,64.0,1344.1764320274385,e796e3f5-0268-4468-b61d-1663b626a884,minecraft:rabbit,true,Rabbit,[null]
121.2958847335688,63.0,1429.8999999985099,9553589b-190f-49ea-aa51-a87ae00c18b9,minecraft:rabbit,true,Rabbit,[null]
124.79999999701977,63.0,1426.390429701769,30726979-6deb-4325-8d27-44da8b764bd1,minecraft:rabbit,true,Rabbit,[null]
-19.64180570036891,65.0,1596.087976475244,e0bdd10b-8e00-4ba0-baab-ad5471770d8a,minecraft:rabbit,true,Rabbit,[null]
-15.88367038585211,64.0,1587.0981353533202,1d549cc3-66d5-4d10-9a5e-f68417d3ac96,minecraft:rabbit,true,Rabbit,[null]
-469.2850470756176,72.0,986.7610876868848,f7a7e57a-3b89-435f-9211-dc51ae853a3e,minecraft:sheep,true,Sheep,[null]
-483.09955891431696,72.0,989.8624641690424,e608db33-68d5-4deb-ad72-4ef7038a98c8,minecraft:horse,true,Horse,[null]
-491.8414583607648,76.0,1005.7354311594426,0b258d9f-0a2e-4a43-9b8f-ccddc85e692b,minecraft:horse,true,Horse,[null]
-138.2882047545058,63.0,1589.5026465131746,c5d37df1-3a64-410e-aebb-1406a6d3ca10,minecraft:rabbit,true,Rabbit,[null]
-130.62197413718184,63.0,1587.1408257951014,a95ab598-8dc5-4dd9-bb65-73dfee96d509,minecraft:rabbit,true,Rabbit,[null]
121.27423093587645,71.0,1293.1785128799036,63c22479-a71b-4a8a-bf8e-ef63a5622b43,minecraft:pig,true,Pig,[null]
109.86678192295084,64.0,1593.0973158836919,196c5b0e-52d7-40d0-9743-eace9cdde1ef,minecraft:rabbit,true,Rabbit,[null]
119.86250743285328,76.0,1183.8049542080657,4521dc5b-a0ab-485b-bc66-36bb2c3b8f13,minecraft:chicken,true,Chicken,[null]
-61.784723292788485,72.0,982.7846534490342,6178a244-e7d3-4c11-bc5d-ffda79dc52b3,minecraft:rabbit,true,Rabbit,[null]
-501.44999998807907,94.0,1022.562575517945,b1096f06-4387-48da-8f6a-9bbfdc5107ec,minecraft:sheep,true,Sheep,[null]
-496.0485408399872,84.4312287557503,1009.5754612979892,1e9fdcac-a49d-4104-9d6d-295fba33f2e5,minecraft:bee,true,Bee,[null]
-508.3572122307479,21.0,1072.6793992642251,1fb7ce64-486c-45c3-afc2-8fe625036f73,minecraft:item,true,Cave Root,[null]
-504.0531972389673,23.0,1148.4826475549614,89aa43b9-37b1-4dc1-97ad-1076aee5ba38,minecraft:item,true,Cave Root,[null]
-498.9305371954977,16.0,1159.309512352555,e6e3a9e2-fa89-478b-92c2-187530a7bd13,minecraft:item,true,Cave Root,[null]
-236.74513879576725,66.0,1598.7255167244264,1a5a80c1-af20-4fe1-b800-688090bbbc1e,minecraft:pig,true,Pig,[null]
-290.2745303160298,64.0,1621.2510299819478,f5a1ceee-4688-4397-aea8-2351c014df2e,minecraft:pig,true,Pig,[null]
-288.80101777873483,65.0,1605.5013939062285,f6656bb5-77d2-4765-8005-ec49ec7668a1,minecraft:chicken,true,Chicken,[null]
-290.44644972568267,65.0,1605.6373321678554,e4987186-a214-44be-affe-ee483143c2c8,minecraft:item,true,Egg,[null]
-214.51757677662013,68.0,1606.8101107502757,6273d0bd-463a-43eb-8eaf-3f6c149416eb,minecraft:cow,true,Cow,[null]
-223.88931153263675,67.0,1610.4727897079165,13ae3f43-d05e-4a43-8603-5b7bb8a6cd5b,minecraft:cow,true,Cow,[null]
-430.1713807595809,92.0,1599.8285248589527,614cce2c-d073-4a52-ae11-51a5a08241e7,minecraft:cow,true,Cow,[null]
-428.0424562300797,69.0,981.586034331606,163bc49b-5caa-440b-a598-a234b0b0a272,minecraft:chicken,true,Chicken,[null]
-97.50862675747888,63.0,1606.8870932663958,36311a6c-5721-4fc6-a2c9-c188a1312769,minecraft:rabbit,true,Rabbit,[null]
-93.10000000149012,64.0,1604.6738433768696,4d12f8cd-0cbb-4618-9039-bcd17b5d6497,minecraft:rabbit,true,Rabbit,[null]
-505.4121050828685,20.0,1462.5645149759152,03c891e3-98ba-4ec0-a617-347c6484f5d3,minecraft:item,true,Cave Root,[null]
129.71774503137874,91.0,1120.280065406092,f5a90d79-9ab7-4972-8701-84694144ddcf,minecraft:cat,true,Cat,[null]
-12.937027570867317,66.0,1612.5001848557972,2c55938e-c526-4670-b557-05be8bc6d58f,minecraft:rabbit,true,Rabbit,[null]
26.899999998509884,68.0,1613.8007369826078,6ad2b630-ea69-48f5-8184-0f3d2adb19b2,minecraft:rabbit,true,Rabbit,[null]
18.801706629765306,67.0,1611.5037322770575,ffbd0dce-7c0d-4ab7-b6db-cc1c063f550e,minecraft:rabbit,true,Rabbit,[null]
-21.880339296264008,64.19231588054778,1616.9953558947054,c83651a6-0189-4961-a9b5-84e2f68f783c,minecraft:rabbit,true,Rabbit,[null]
35.26531842526452,71.0,1614.2149893849191,6fb6a23b-5b12-4d47-abc8-7936f1d138cc,minecraft:rabbit,true,Rabbit,[null]
-377.39344427432917,64.0,962.2676725159724,3df2a5f8-8f43-4a61-839c-0c3d7379ef9a,minecraft:sheep,true,Sheep,[null]
-495.8675551601088,74.0,1001.9681459109028,940b0cde-562f-4178-9ad8-5ad180d3d629,minecraft:horse,true,Horse,[null]
90.875,19.101463374911244,1607.875,7ea3c9f1-64f0-4c8d-95a2-a25bfe3eb320,minecraft:item,true,Cave Root,[null]
104.57757714014932,64.0,1602.7776903277672,9684d38f-992a-4c53-ad07-1ecd10c013b3,minecraft:rabbit,true,Rabbit,[null]
-501.3084706101343,70.0,1562.3066797004572,74e85a2b-2cbe-4260-a532-7550f0e54379,minecraft:cow,true,Cow,[null]
-489.84646333754637,64.0,1340.1535009606487,a6192c7c-8a47-456e-aadf-637138079a19,minecraft:rabbit,true,Rabbit,[null]
-499.125,20.0,1356.9944561579307,53c85b27-d1b7-4361-963c-8fde237bb64e,minecraft:item,true,Cave Root,[null]
-506.50166545507193,22.0,1363.2868404330166,070ce10e-b603-4471-940d-cd7d667a8b25,minecraft:item,true,Cave Root,[null]
-90.91433814631702,71.0,969.2011237759958,36c1202f-b2fe-4041-94ef-66631fa978f7,minecraft:rabbit,true,Rabbit,[null]
115.97381818303442,65.0,1608.8302550747576,99cf8c56-33f4-4fe6-9d23-8df8902a7f14,minecraft:rabbit,true,Rabbit,[null]
30.875,28.27443920235656,1616.125,49b988f4-c10b-464f-94d3-14673a7fc476,minecraft:item,true,Cave Root,[null]
30.481235643737982,29.0,1619.875,e0de8180-2a68-4e3b-a04b-ceadf9441e7c,minecraft:item,true,Cave Root,[null]
-20.087429501730163,64.0,1620.0349082037492,0d557d38-799e-4ebc-b019-5c801bcbc936,minecraft:rabbit,true,Rabbit,[null]
-99.43345780519064,64.0,1618.4275292293244,dc8d5327-be67-407e-b562-998150bdeae2,minecraft:rabbit,true,Rabbit,[null]
-209.19966310753597,66.0,1630.1308042748808,6772b472-b394-4a92-a4f4-b6d0f0dcadcc,minecraft:cow,true,Cow,[null]
-223.08247424314928,67.0,1610.8434956498866,87c5113d-c4a9-4ea2-bdf9-7aa3477a4324,minecraft:cow,true,Cow,[null]
-230.20958001190638,67.0,1619.847314695329,d0f8f2e6-927b-400b-b703-1ea36d579b2a,minecraft:sheep,true,Sheep,[null]
-258.7282701723441,64.0,1622.689343223475,8fc6ebda-3f59-4f4f-8c87-b61ff3eece88,minecraft:pig,true,Pig,[null]
-285.1826144801597,64.0,1626.181741483789,bf1c5557-c229-4f92-a884-1096967d3cae,minecraft:pig,true,Pig,[null]
89.125,21.21351642229852,1620.3611747117109,7678c5b9-3b8c-4de3-a350-3ee6f93d4824,minecraft:item,true,Cave Root,[null]
123.75303156006889,65.0,1620.253203113038,612580cd-29c7-421a-ba6a-ae2e1c6dcc0f,minecraft:rabbit,true,Rabbit,[null]
125.4402715228293,64.312159058895,1620.7404990100968,e4593990-de3a-4b2e-bb6c-bd60bfdf0052,minecraft:rabbit,true,Rabbit,[null]
113.0,65.0,1618.0,0116b679-1d38-451c-94cd-9bc0b9805f64,minecraft:rabbit,true,Rabbit,[null]
117.0,65.0,1620.0,914abc30-0c0c-4cb9-bac1-bf8eac674dbc,minecraft:rabbit,true,Rabbit,[null]
-319.9167638342249,67.9375,1625.8164290742807,8862144b-6e04-40d2-86bf-0c2e83ce41e0,minecraft:item,true,Wheat Seeds,[null]
-318.50604822705355,67.0,1619.9523048574,eed40620-31d5-49eb-bdd5-390c3dde0a52,minecraft:villager,true,Cleric,[null]
-322.851539028981,69.0,1630.075898442956,f05a0f95-2a23-4261-8545-bc29e807e4c0,minecraft:chicken,true,Chicken,[null]
-359.78996758158104,88.0,1632.0709227308396,3f8242f1-7bc9-48dd-841e-200d60e3fe45,minecraft:cow,true,Cow,[null]
-356.2043889870284,88.0,1629.515294360259,dcef0917-0e9a-4b53-9e13-02aee347915c,minecraft:llama,true,Llama,[null]
-363.85431594885705,88.0,1628.1977827786852,8e715b3b-f954-4b5d-8724-8b96839c586e,minecraft:cow,true,Cow,[null]
-368.1333931210489,88.0,1621.1987000957154,a7602cfe-7115-4117-8471-27728f20570b,minecraft:cow,true,Cow,[null]
-297.30414001743185,65.0,1622.7484339421426,c0c8286b-3f07-4215-bd51-318906bbf0d6,minecraft:chicken,true,Chicken,[null]
-487.59730102890165,92.0,1621.3279720379358,09c38363-76c4-4ea1-859d-1b5c49bb8002,minecraft:donkey,true,Donkey,[null]
-501.33050763343624,88.0,1622.2539717515342,5dc7e052-3482-4a23-8589-a6d0576b5d61,minecraft:chicken,true,Chicken,[null]
-507.45188022607147,90.0,1630.0975494707657,78205014-2d11-4b78-a0cf-0b39448110d0,minecraft:chicken,true,Chicken,[null]
-510.44999998807907,88.0,1631.449999988079,a71b29ec-846e-4c35-bb02-fbdfca24dd1c,minecraft:pig,true,Pig,[null]
-494.78279539833744,88.0,1616.7827183682198,2d0df48f-d840-4518-9cfe-5502b4c861fa,minecraft:pig,true,Pig,[null]
-499.87884712287644,92.0,1626.550000011921,9d090a5b-4ba7-45c8-88bb-3d61c5ff6eca,minecraft:pig,true,Pig,[null]
-499.44999998807907,91.0,1625.550000011921,fb415ebe-670a-4162-a275-28b0fb1846c7,minecraft:pig,true,Pig,[null]
146.875,70.0,1293.1373839253831,57e6b6b2-7e4a-4fa9-b8c3-3448c8036fea,minecraft:item,true,Egg,[null]
153.76086401925141,70.0,1301.7607271070117,06db9ed8-7673-4977-ab4f-689f98b8fcd3,minecraft:chicken,true,Chicken,[null]
-525.875,17.0,1574.7318393587873,bfe297c8-6ca6-40a2-ae12-23b17765da98,minecraft:item,true,Cave Root,[null]
-523.5619572598057,17.0,1575.4462843265485,99db5a13-a10d-4e08-9b81-479939501215,minecraft:item,true,Cave Root,[null]
-525.8376517614689,69.0,1564.7740249772023,a524ac9c-3186-4e68-9c1f-1896fa91486c,minecraft:cow,true,Cow,[null]
-521.0914919158197,67.0,1294.0316918643648,ce11a443-f106-4efe-a0c5-3b12a2c0073d,minecraft:rabbit,true,Rabbit,[null]
-525.0,66.0,1402.0,c90ca34f-5d2f-4c42-aba6-e9b2b3d04edf,minecraft:rabbit,true,Rabbit,[null]
-519.875,11.036277988298242,1029.125,d187dc4c-4020-4d12-9430-7e22cdbbb219,minecraft:item,true,Cave Root,[null]
-525.9206813514076,71.0,1440.8040097541357,ba9751d1-249a-4f59-9c95-bbbb9a68eb6f,minecraft:rabbit,true,Rabbit,[null]
-510.76679803637757,72.0,1143.2331636194817,80f80039-9586-4f98-b6f5-942f1bb87d1e,minecraft:pig,true,Pig,[null]
-512.2187043544147,72.0,1138.6917022843481,86dfbd73-0ef8-4f13-bb26-200ad5325cf2,minecraft:pig,true,Pig,[null]
-518.4965448921165,69.70425725851129,1220.7999999970198,3113bef0-ebd4-4fa4-9c53-a297caaa4cf7,minecraft:rabbit,true,Rabbit,[null]
-527.125,24.48448248451447,1191.875,787484a0-c1c1-42b6-a237-e7da9ce63c2b,minecraft:item,true,Cave Root,[null]
160.01353624187033,66.0,1077.807218550896,3f8779cb-9ac1-45e6-b611-a6017a9db317,minecraft:iron_golem,true,Iron Golem,[null]
-517.3489538928411,16.0,981.1320196057397,a55af19e-1b79-4d70-a5af-7bc563eb78c0,minecraft:item,true,Cave Root,[null]
-513.7365217931554,68.0,1611.2348341951833,384b9253-cb2a-4d02-88db-1ed3c7b3f5b5,minecraft:pig,true,Pig,[null]
-512.7493714809412,69.0,1614.7102723503501,b450348c-12b4-4ce7-adc2-25c36f12f67a,minecraft:pig,true,Pig,[null]
-526.4307515061672,69.0,1614.390184226816,f83bdada-9a20-4e5a-8dd3-46246a0d467f,minecraft:pig,true,Pig,[null]
-57.875,36.098744300569166,1645.875,942457cf-cacf-49ae-83bc-174b96d19878,minecraft:item,true,Cave Root,[null]
91.23967105229517,27.0,1638.3480043794427,f117c782-08a7-4f05-b2d0-b8752c066576,minecraft:item,true,Cave Root,[null]
-488.5,27.0625,1634.5,a1f3a3e4-d9a7-49e9-a75e-45ad313af0a5,minecraft:tnt_minecart,true,Minecart with TNT,[null]
-489.2431692226226,27.0,1634.4297985586131,dc0adf68-08ac-48ae-9550-951b7718c144,minecraft:item,true,Rail,[null]
-450.5,27.0625,1634.5,2263f973-5bfd-42fe-9051-e1e8a717b20d,minecraft:chest_minecart,true,Minecart with Chest,[null]
-498.875,27.0,1635.3869930016626,d820d223-490e-4f80-8619-db52db290860,minecraft:item,true,Rail,[null]
-509.5013994937392,90.0,1632.5487885715238,7559e180-4f49-4ab0-85df-1d40ff866941,minecraft:chicken,true,Chicken,[null]
-49.19031239562743,72.0,955.7526826417102,9676889b-6c57-4325-ad60-10fd4f980129,minecraft:rabbit,true,Rabbit,[null]
-373.974877462229,64.0,955.0953998939515,ffc5dc74-9669-4197-91c3-3a902d1bf005,minecraft:sheep,true,Sheep,[null]
-379.06403757363853,64.0,962.0640744357406,51d1c022-171c-4035-8edd-21be955b9b29,minecraft:chicken,true,Chicken,[null]
-391.78498617533387,64.0,954.1611436752667,210f2556-44b6-402e-853a-5d7dc03bc60c,minecraft:sheep,true,Sheep,[null]
-382.3729534154821,64.0,957.2075627383754,507662ad-13d1-40c2-9413-ba3bb8fe78f5,minecraft:chicken,true,Chicken,[null]
-385.06048276573273,64.0,954.9395442781179,b37668fe-38c6-4ea1-81c7-cc4a2e313f78,minecraft:chicken,true,Chicken,[null]
101.79999999701977,64.0,958.1216139140514,8427c9e0-cb4d-4561-b98b-f336b866059c,minecraft:rabbit,true,Rabbit,[null]
-26.49579473467233,69.0,947.795552810681,fec43c24-b7f8-4fed-9226-7ee5497cb269,minecraft:rabbit,true,Rabbit,[null]
-507.08696652157397,72.0,956.9055055570894,1a808fdd-23b2-4388-890b-f24871b23ce1,minecraft:horse,true,Horse,[null]
-524.875,15.46800957748662,948.875,ae9702c0-31d5-4475-9ec3-3349045f2a1f,minecraft:item,true,Cave Root,[null]
-515.6191928203,71.0,946.0453777346007,083d4a34-679e-4148-9127-2c6a62dddf84,minecraft:horse,true,Horse,[null]
97.50455411548101,69.0,931.8791228536419,a0639d09-a7d0-457b-9acf-75cf14221209,minecraft:rabbit,true,Rabbit,[null]
65.14819521232761,71.0,947.978737277326,8cc271cf-dafe-4804-b3b5-fef5835615f8,minecraft:rabbit,true,Rabbit,[null]
10.334013720731402,69.0,940.3370872671571,b7d4f6cf-e336-4219-9144-c2a83806b188,minecraft:rabbit,true,Rabbit,[null]
-78.24297247866578,75.0,941.1754314789696,cb3c4969-61c9-4d3b-aff2-47871e409205,minecraft:rabbit,true,Rabbit,[null]
-88.8425950608168,75.0,928.8388780410218,b340502f-508b-481b-aa87-872ce4831a02,minecraft:horse,true,Horse,[null]
-429.83903621537746,64.0,941.209809379949,ad4b3fe4-4ddd-4afc-8fc3-2b149b663e52,minecraft:sheep,true,Sheep,[null]
-421.5063640573086,64.0,925.7139367283575,6c0282bf-b5d2-4018-b2d9-6cf7397c39e7,minecraft:sheep,true,Sheep,[null]
-386.7319560396624,64.0,942.2201340105368,da5ab7d2-e7f4-4cba-acef-093fe2630f51,minecraft:sheep,true,Sheep,[null]
-390.1476589466433,64.0,930.8524209652325,d6baa29d-0746-4879-8372-3731ca583ce1,minecraft:chicken,true,Chicken,[null]
-36.04875252252525,71.0,936.1716133282519,7f7ce2e4-c9f1-4367-a99c-c593b8f4227d,minecraft:rabbit,true,Rabbit,[null]
-204.78233169374,71.0,932.7335765793578,18b65b05-c6e6-4d60-8d61-147ef62b0f34,minecraft:sheep,true,Sheep,[null]
-192.2072161738544,72.0,933.1544166642791,df4ead76-75bb-4b8e-9ea9-e4bfcdbea66f,minecraft:sheep,true,Sheep,[null]
-443.1833731606749,69.0,937.6592950531286,d4fd0bb5-4257-41f6-a1de-9a4cfee024c0,minecraft:sheep,true,Sheep,[null]
-433.0,64.0,936.0,ac4824ab-94d2-4f8d-9c40-854aaa1339ab,minecraft:sheep,true,Sheep,[null]
-512.0299008499799,69.59923030527365,933.970400633819,8380a388-2d9c-4004-8fd7-d7e909da742e,minecraft:bee,true,Bee,[null]
-62.183060872949184,73.0,919.4246913742971,e9268fb0-35f6-4167-8976-69541eecef93,minecraft:rabbit,true,Rabbit,[null]
-89.9009386560101,75.0,926.1046351500988,4cb93c3c-63a0-4622-8633-19b080d38840,minecraft:horse,true,Horse,[null]
-97.51488671926496,72.0,927.5207163200178,25b1a2a2-c818-4bcd-ba1a-f2d31b04c0f3,minecraft:horse,true,Horse,[null]
-25.501734587916353,69.0,919.1013652761998,d2a3f01e-fc6f-4c2b-acad-fe1e29910223,minecraft:rabbit,true,Rabbit,[null]
49.462989671095585,69.312159058895,912.2000000029802,a125920c-c9ff-4b3f-8051-f8e96c802594,minecraft:rabbit,true,Rabbit,[null]
11.188623988846398,69.0,936.0625721220533,0612783d-3a99-4af0-a6c4-12c8c74d8a7f,minecraft:rabbit,true,Rabbit,[null]
3.0258103140539214,67.0,917.174135505705,bb8622f9-4f36-4453-a233-a4030985ea21,minecraft:rabbit,true,Rabbit,[null]
-13.235833529554537,69.0,912.5071324608991,a902b345-74b9-4a22-8470-1cbd869909ec,minecraft:rabbit,true,Rabbit,[null]
-219.21000069769272,71.0,916.1530902308255,16525ed8-a37b-4320-8e07-8a694dd680fa,minecraft:sheep,true,Sheep,[null]
-190.1858774662804,71.0,916.81477770097,cf3093ba-77f4-4f3c-8fb8-3001bfc21257,minecraft:sheep,true,Sheep,[null]
-532.1454683824627,67.0,1286.0249127842276,a46bd48a-bc27-4b54-9772-3f3736a62ce8,minecraft:rabbit,true,Rabbit,[null]
-538.5153555380751,66.0,1292.4930314662063,de2d04c8-9d4f-46d6-b7f4-d3ae2b648669,minecraft:rabbit,true,Rabbit,[null]
-531.1386396905176,67.0,1290.2233964381332,c22ea0b0-f4fe-49cb-98b6-3daa71d1f3ad,minecraft:rabbit,true,Rabbit,[null]
-538.7151972396728,64.0,1317.696889413138,19c9a4d7-b0ec-4e45-991b-7ecb586e9a6c,minecraft:rabbit,true,Rabbit,[null]
-541.8826990237849,64.0,1319.7822799077057,70eb2eb5-1969-4dab-bc30-f20820d81915,minecraft:rabbit,true,Rabbit,[null]
-534.0,70.0,1444.0,9891286c-cfd0-477c-9cf7-a91f349432a4,minecraft:rabbit,true,Rabbit,[null]
-531.7426545349106,70.0,1444.7049168329036,59cbac50-2afb-4771-b4a2-d650807862c5,minecraft:rabbit,true,Rabbit,[null]
-538.0,69.0,1196.0,10a323f7-b7c9-43dd-8f6b-8862d8d21db7,minecraft:rabbit,true,Rabbit,[null]
-540.0,71.0,1199.0,d73a2b89-69d4-43a0-9f75-ac347ca429d9,minecraft:rabbit,true,Rabbit,[null]
-543.7702595411073,64.0,1330.2297047570885,7d08f8b1-67fb-4a6e-a802-a3c50d96235d,minecraft:rabbit,true,Rabbit,[null]
-533.1048694777927,64.0,1014.1147276209219,ebbcee20-060c-4233-954c-b0411c8d08e5,minecraft:horse,true,Horse,[null]
-535.9081333936717,70.0,1547.2184729651865,72b46ef7-9c85-4e24-b4d3-c17a6c62b6b1,minecraft:chicken,true,Chicken,[null]
-534.8964513327522,71.0,1539.828163102696,3c7343eb-4e0f-42df-a3ac-266a3b9207eb,minecraft:chicken,true,Chicken,[null]
-536.0,69.0,1572.0,5ac72a25-7c62-42f8-95e3-29199a9abe17,minecraft:cow,true,Cow,[null]
-292.875,71.0,1552.953031954282,7e2ff2fd-27e0-4fcf-aa0b-3165199bf67a,minecraft:item,true,Egg,[null]
-280.1464229082286,69.0,1551.358918275276,48280bca-b26f-4524-a4f5-d27d6062731a,minecraft:item,true,Egg,[null]
-473.5876336672495,66.0,1434.4357185572276,7fb65119-3278-45c3-9900-2946f2365304,minecraft:item,true,Egg,[null]
-530.515009868568,72.0,1626.2452488350905,bef84a84-2368-482c-8c4d-772edd240564,minecraft:pig,true,Pig,[null]
-14.58506645569688,89.0,1309.6010890810712,4740962c-eab7-4558-a613-574f18b07daf,minecraft:item,true,Egg,[null]
-436.13999358080446,69.0,1642.479290461837,9bc01901-fd0e-4abf-a2e2-848628c14609,minecraft:sheep,true,Sheep,[null]
-433.1784475016801,69.0,1646.4651270608736,c62e4170-89d1-4905-a8de-355596ee5068,minecraft:sheep,true,Sheep,[null]
-438.8066730344796,68.0,1646.6680316577956,d715ba03-e544-48d9-9fc6-486901970bf4,minecraft:pig,true,Pig,[null]
-445.0,69.0,1641.0,dace4c66-46b6-440b-9ca5-5a2c191f8995,minecraft:pig,true,Pig,[null]
-211.35066626129077,65.0,1636.1833530219826,162f41c3-f21f-43f7-aa23-1e220e255af7,minecraft:sheep,true,Sheep,[null]
-290.48900971162067,81.0,1645.2252588075307,c996521c-6508-4c47-a0f0-59a680561b81,minecraft:cat,true,Cat,[null]
-331.5380612288115,75.0,1634.5099602975495,78d51698-136e-4386-af60-2e383f6ad839,minecraft:chicken,true,Chicken,[null]
-331.1430208805309,75.0,1634.5258929213448,2da7a171-1e5a-486a-8575-f8f89a175bfd,minecraft:item,true,Egg,[null]
-350.82105386199,88.0,1636.2472587479683,21e18038-6c3e-45be-b6b0-f3d1094710eb,minecraft:cow,true,Cow,[null]
-426.49330965812743,74.0,1643.6678046226102,11ecf7b2-f419-4dcd-b06b-766a69f067ec,minecraft:pig,true,Pig,[null]
-424.743628353807,78.0,1643.500760270904,0096336d-427c-41d8-9db3-4736310b28b3,minecraft:sheep,true,Sheep,[null]
-517.6240776625109,81.0,1632.1533261614213,c07f2ec6-31fe-4345-926a-d93098b73dd0,minecraft:chicken,true,Chicken,[null]
-397.78450193067687,88.0,1642.858570003498,5712b43e-1b85-4ca6-acf5-b8b0c5323d5a,minecraft:cow,true,Cow,[null]
-397.8320669453008,88.0,1644.8284378133787,739f402b-14f7-4fe1-b881-fbc55d5cf230,minecraft:cow,true,Cow,[null]
-547.125,20.092819769808695,1404.125,641c8f75-6404-4501-9ecd-df23870c690c,minecraft:item,true,Cave Root,[null]
-551.875,20.04088402746592,1406.125,d0a1aa72-fafd-41b6-b40f-8f0402436a0c,minecraft:item,true,Cave Root,[null]
-549.478903627666,37.0,1130.125,a6ea713e-e8dd-4b41-86c8-506ba611eb0a,minecraft:item,true,Arrow,[null]
-550.3436865057737,36.0,1131.3086235398837,b1a0af4d-d9f5-472e-adfe-cc9bffebead1,minecraft:item,true,Bone,[null]
-552.1327041519257,67.0,1073.5465517788323,e97e54d2-056c-4b01-ac36-f93ad542e07f,minecraft:chicken,true,Chicken,[null]
-86.875,11.0,1654.8517995729012,1bb784c4-60d4-46d8-94f2-22b507661b3d,minecraft:item,true,Cave Root,[null]
-146.7954615331204,64.0,1650.7566424526203,2f31f358-7453-46f2-8c95-f09e9d6dde6a,minecraft:sheep,true,Sheep,[null]
-148.21310594753825,64.0,1656.7350316022553,1763e0b1-fdbb-4d99-bfb4-762507599be6,minecraft:sheep,true,Sheep,[null]
-155.7720242075255,64.0,1654.5011461412146,a7427acb-eeea-4b43-9092-0a2ee26ce136,minecraft:sheep,true,Sheep,[null]
-548.6321298611201,65.20000000298023,1171.2000000029802,16ee7fb5-dd0e-45b3-8893-8590592c3c6a,minecraft:rabbit,true,Rabbit,[null]
-552.5324680588832,68.312159058895,1140.2000000029802,e2f60611-2ac8-4eb2-a614-1806b23c179c,minecraft:rabbit,true,Rabbit,[null]
-353.4992407288025,74.0,1652.7436199581844,b20cfd5b-16fb-4be2-8912-375388511a24,minecraft:sheep,true,Sheep,[null]
-349.55000001192093,73.0,1650.4789680925894,bedfe4d2-0567-4135-b010-0e235752ff5d,minecraft:sheep,true,Sheep,[null]
-315.565527208649,88.0,1654.4904448662367,b38e6822-3b1d-4278-b498-777e5f432f4c,minecraft:llama,true,Llama,[null]
-319.49177036215076,86.0,1651.4277571232606,5868c68c-b499-4263-afff-845fb82944a9,minecraft:llama,true,Llama,[null]
-301.52843491419316,91.0,1663.4020682110338,5c18b156-086f-4ee3-9ea2-560fd4f46692,minecraft:llama,true,Llama,[null]
-555.463247880296,24.0,1592.4144521090896,bf8e9826-fe8a-4b40-8ed3-6248a1c13ff0,minecraft:item,true,Cave Root,[null]
-6.5891323902175785,17.0,1660.875,420d95b3-a054-499e-bd4f-8aba6d8e7d7b,minecraft:item,true,Cave Root,[null]
-545.2073494615887,71.0,1539.873126575561,36972d36-550e-43e7-ba97-85aba2f4bfda,minecraft:chicken,true,Chicken,[null]
-545.0913421114676,71.0,1541.7232036093399,b046cb42-57c8-47a2-91c7-fb3cf9327f21,minecraft:chicken,true,Chicken,[null]
-551.8191174370745,69.0,1518.179766723013,5bc0af2f-414b-46de-ad6b-7be05b3a6c1e,minecraft:pig,true,Pig,[null]
80.40000000596046,66.0,1650.0,823056c4-37b5-4b2a-9ffd-fb0cdf831e6d,minecraft:rabbit,true,Rabbit,[null]
82.0,66.0,1650.0,9976af59-b498-4930-bcad-8b84590afe6e,minecraft:rabbit,true,Rabbit,[null]
-427.7374401597571,69.0,1657.2307137364337,74b37ce4-4150-4210-973b-077fe4fd7f31,minecraft:pig,true,Pig,[null]
-429.8536355082304,69.0,1651.1470751769962,8567fa40-370b-494f-8b2c-044ebe1154df,minecraft:sheep,true,Sheep,[null]
-547.9177659950542,29.0,1240.4506476049155,d289362a-8c1c-45f8-b6ad-c50781737655,minecraft:item,true,Cave Root,[null]
-551.020412341533,28.0,1241.3627153342425,8c31b0fb-dc6a-4ef8-aa57-dae25e4cb2b2,minecraft:item,true,Cave Root,[null]
-554.7330024545798,38.0,1239.7697248882737,dfd6dd7e-06f1-419e-acd5-2612ebc29431,minecraft:item,true,Cave Root,[null]
-555.6169295009195,39.0,1233.0469091277214,600724ff-7c8a-490d-b7ec-3c366408388b,minecraft:item,true,Cave Root,[null]
-547.1569661164913,69.0,1571.5033622546252,db4aa7d9-cf52-411c-b61b-4e0aaa4cbe6d,minecraft:cow,true,Cow,[null]
-545.1508548270829,69.0,1571.4770711867573,9cf7d216-e781-44ff-b057-636582e16dcf,minecraft:cow,true,Cow,[null]
-163.19588009954342,64.0,1657.8041450212982,f9c8effa-57aa-4ae3-a2dd-1dba61494c8a,minecraft:sheep,true,Sheep,[null]
2.063027526926857,93.0,1292.3286739962768,efc7a199-b9ca-4446-899c-775f60f83d35,minecraft:item,true,Egg,[null]
-437.98018146125946,71.0,987.4734652536289,c0189877-4c7d-49e5-9b57-cd0ef6352f9a,minecraft:item,true,Egg,[null]
165.10869537182015,64.0,1426.10977979706,5073bd6a-586e-43d6-9e40-f8b50d3241ce,minecraft:rabbit,true,Rabbit,[null]
166.19273570728325,68.0,1246.2545319860592,8c5d4e69-8640-4cc5-88a2-1d4033d81815,minecraft:sheep,true,Sheep,[null]
172.86256371773317,71.0,1168.4991283076574,043a971e-8336-45b7-a92f-64f13f8917ef,minecraft:rabbit,true,Rabbit,[null]
-275.9229575277836,66.0,1189.5428882899193,13e8c4b4-8640-49c7-9ff5-3ddaeaf6ab59,minecraft:item,true,Egg,[null]
-429.125,31.00730297642687,901.125,c97a8bac-dc89-4383-9f99-ff83825c317f,minecraft:item,true,Cave Root,[null]
-23.246540006672124,70.0,900.1854255745931,02dd1b0d-58ca-4344-a7cc-e8c1f800fb73,minecraft:rabbit,true,Rabbit,[null]
-74.80264987044333,72.0,903.348613039954,d1857632-877e-484e-9075-7087f6e2890c,minecraft:rabbit,true,Rabbit,[null]
-106.79703189277566,64.0,899.2018756121869,228a9948-84e4-4df5-83a8-30dd2fc1891e,minecraft:rabbit,true,Rabbit,[null]
-107.07606805152851,63.0,911.06099426372,87eb93f1-8259-4c75-95c3-ae8f85b205d2,minecraft:horse,true,Horse,[null]
35.7350716174709,68.0,899.2278612816264,ddb2f425-d08c-412e-a365-d736bdb70ae7,minecraft:rabbit,true,Rabbit,[null]
-108.8660615995136,67.0,1343.0246223837012,0904737a-83f7-46c1-aa78-cd6235d3a82a,minecraft:item,true,Egg,[null]
-433.6477401456214,70.51809841943896,891.0506062991616,4d8171fd-5d48-4845-a49e-24fbc1644a71,minecraft:bee,true,Bee,[null]
-462.5139206383595,53.0,887.6457671061844,00c46f6f-ef40-4535-8fc2-e52df5bf8deb,minecraft:enderman,true,Enderman,[null]
180.2327325049183,89.0,1551.9810597932692,139d56aa-7515-401f-97c1-df96fb89dd54,minecraft:rabbit,true,Rabbit,[null]
179.35710626758413,25.72809727286848,1467.5821886081899,53e5fc27-518e-4b9a-b4d5-27ff916cc8e0,minecraft:item,true,Cave Root,[null]
185.97046306988466,69.0,1239.0837475367973,a4a4e010-bc69-44d7-8499-e30cf9c9fd6a,minecraft:rabbit,true,Rabbit,[null]
180.15591805757776,69.0,1241.2290354643064,0c86feb8-165b-4e97-817b-f812c774070e,minecraft:rabbit,true,Rabbit,[null]
178.06755762542042,72.0,1168.533772775819,5ae0a7eb-1b5f-4ec9-864c-675c747cef33,minecraft:rabbit,true,Rabbit,[null]
187.29611503755197,70.0,1288.449999988079,2e2c7534-2784-4eaa-97a8-41c78f41f66f,minecraft:sheep,true,Sheep,[null]
178.0,85.0,1554.0,38ad6f4e-0ac5-4cad-a8ca-84a92f9768d8,minecraft:rabbit,true,Rabbit,[null]
86.30612145666203,72.0,1309.9817961454908,ae628bad-9a8f-4e5a-88a2-07f0a44162cb,minecraft:item,true,Egg,[null]
5.351334163966159,95.0,1287.0381165315496,685c1632-8e20-46e3-b078-a4398fdead57,minecraft:item,true,Egg,[null]
-52.477772472827304,44.0,1229.7514392325975,d99541c9-1830-4764-9b0d-3212b59c8d98,minecraft:skeleton,true,Skeleton,[null]
-102.4948901279814,64.0,873.1000000014901,52483153-1289-4dc0-b8f9-4b624739a2bd,minecraft:rabbit,true,Rabbit,[null]
-314.7420154742159,46.0,874.6276431290157,7f493f2d-d784-4075-96a2-8d4a9ac67248,minecraft:item,true,Cave Root,[null]
-189.22805116870097,88.0,1415.1338776205741,008ec556-4020-411c-a6ec-0ebfc831290a,minecraft:item,true,Egg,[null]
94.23074737510515,72.0,1331.0900496744657,90916bbf-23f6-42d6-afdb-f384171838ef,minecraft:item,true,Egg,[null]
-155.19121888074386,70.0,1237.1852652776315,4b4d1ce5-4749-4923-a2e5-fbbe2147f1c0,minecraft:zombie,true,Zombie,[null]
-161.69999998807907,70.0,1230.512499988079,80a86590-3a5e-4879-bd16-da9718233685,minecraft:zombie,true,Zombie,[null]
126.99639940411349,77.0,1181.0830064871022,38974611-edb7-4ed2-8c76-e7b556cbd117,minecraft:item,true,Egg,[null]
-145.48456194199787,65.26434481787159,1207.0612676335775,d41e66bd-4683-45a2-8857-15198b31b0c0,minecraft:bat,true,Bat,[null]
-167.39029626199707,6.0,1230.0249730568992,2ac6dc0d-2f18-43ac-8f06-b6eed46ee95d,minecraft:item,true,Bat Wing,[null]
106.20826923925827,71.0,1173.0618049659404,472df68e-be6d-4d6a-99a7-0fc2f9205c8f,minecraft:item,true,Egg,[null]
-222.5,5.880812460052341,1210.860629651614,98bd8ca3-7833-459f-ab6c-0723fe5b1355,lava_monster:lava_monster,true,Lava Monster,[null]
-326.49781822595594,64.0,1195.6001037455817,343828b1-afb4-4d07-9b82-6e3e39a14385,minecraft:item,true,Egg,[null]
-255.7796207737608,72.0,1176.6081892338718,469b4d67-2eda-4714-aaa8-b917f53beee4,minecraft:item,true,Egg,[null]
-151.5,68.0,1336.5,236275d9-0f7b-4d7d-a53b-6fbdc1094ed9,minecraft:spider,true,Spider,[null]
-156.4260355089783,68.0,1416.425100989896,c6360197-acfc-40cd-a5d5-022fbe203209,minecraft:item,true,Egg,[null]
-235.5,87.0,1136.5,18d524c6-9cd5-46ec-8204-e33d3a99e1f3,savageandravage:skeleton_villager,true,Skeleton Villager,[null]
-118.7439071320999,68.0,1361.0486683018114,c42e9d44-ba07-4c70-b183-9981ed45fe1b,minecraft:item,true,Egg,[null]
-270.75,51.09598264199722,1289.2573130717094,4974995d-1229-4562-8441-19c1e684bed7,minecraft:bat,true,Bat,[null]
-194.56830142178606,88.0,1427.7543213704048,316fc61e-5eb5-47d1-8648-00365f3c6f38,minecraft:item,true,Egg,[null]
-131.64766595934154,86.0,1169.4027207441875,1e99db8f-d48f-4e3e-b438-c0b6de5fd655,minecraft:item,true,String,[null]
8.125,89.0,1343.5449485154218,27d2e248-dbc6-45df-ba97-248cdc23806a,minecraft:item,true,Egg,[null]
-17.985749758289572,90.0,1244.9941147832199,ab2b40a0-06a1-4d79-ae65-48192c0ad243,minecraft:item,true,Egg,[null]
-288.5,66.0,1250.5,7d981ec9-ba23-4874-9225-decb2a72ce45,mekanismadditions:baby_skeleton,true,Baby Skeleton,[null]
-219.67134886903347,64.0,1306.2577261236588,7db70079-3b12-4eae-a0d2-7328c0cca050,minecraft:creeper,true,Creeper,[null]
-142.39706700919277,22.045728991634423,1273.4012079824981,4e7a7c5f-ed90-443b-9701-7190f3412658,minecraft:bat,true,Bat,[null]
-298.5616547548612,60.00454434659332,1241.355700799848,52689654-5d9a-4130-b51c-3ecaaca7d788,minecraft:squid,true,Squid,[null]
3.5140559928146775,88.0,1300.0007336499061,e0fc851e-0867-4bed-84ac-4d99d95dfafb,minecraft:item,true,Egg,[null]
-251.69999998807907,64.0,1227.699999988079,d73ca8d8-36ef-45be-9e26-1ace792ce752,minecraft:creeper,true,Creeper,[null]
58.857121856073306,74.0,1359.301942268709,5199e5bd-003d-4bfd-a4cc-0166fc7eea6e,minecraft:item,true,Egg,[null]
107.71257098526073,74.0,1271.2997673072414,bb4dc397-f4ae-4bfb-82cd-9472165c7642,minecraft:item,true,Egg,[null]
12.771985280722717,90.0,1345.875,a1a1a81d-9848-49e0-81fa-dddc1a498a51,minecraft:item,true,Egg,[null]
-160.9403102444236,68.0,1282.2075572090962,8e8e0b98-011b-46f6-8c5b-83b79a33c2c9,minecraft:spider,true,Spider,[null]
-99.5,59.0,1210.5,e37a6bc0-308a-41d9-9a0a-9ac34cc1fc95,minecraft:skeleton,true,Skeleton,[null]
-101.5,59.0,1207.5,06f1328a-e802-44e6-ad7f-abbca5ad0f6c,minecraft:skeleton,true,Skeleton,[null]
94.75360395307055,74.0,1269.5980138988737,03c30724-8946-4f54-995b-073e90c95dca,minecraft:item,true,Egg,[null]
-358.87743195479953,67.0,1195.1906507770989,e0361139-fdc2-499c-8b03-08684301cfcc,minecraft:item,true,Egg,[null]
-91.5,90.0,1154.5,80990c45-19ea-4ce4-84a1-dc55b60456cd,minecraft:spider,true,Spider,[null]
-129.1396350298695,19.0,1287.9146164695974,b1dcdcb7-2740-4ee8-86c8-e0597e2ed7a9,minecraft:zombie,true,Zombie,[null]
-129.72246581827213,19.0,1287.2793028195358,48a1b0f5-cf4c-4028-aa73-19c4730f1551,minecraft:creeper,true,Creeper,[null]
-51.5,86.0,1225.5,eea0a3aa-fa4e-4c36-a369-83a5ab0082e1,minecraft:creeper,true,Creeper,[null]
-257.5,3.799999952316264,1267.5,226f0fce-6acd-49f7-8f3f-ec666f408461,lava_monster:lava_monster,true,Lava Monster,[null]
-168.5,51.0,1115.5,39baf420-8182-4077-a6ab-ac2a2cffa581,minecraft:zombie,true,Zombie,[null]
-168.50235188494196,51.0,1123.2443609413965,a1eeeb4e-39f4-42b6-b68b-cf54524f6ec4,minecraft:zombie,true,Zombie,[null]
-186.38402733974007,44.0,1264.0859171394447,41bbf66c-f67f-4919-9a66-42f792a2e92d,mekanismadditions:baby_skeleton,true,Baby Skeleton,[null]
-174.30148914367248,87.0,1137.4199185954621,8fe2b99e-74fe-4495-9c09-68006aca68ab,mekanismadditions:baby_skeleton,true,Baby Skeleton,[null]
-124.6755276498407,65.0,1286.621353151138,2150e9cf-9b73-4473-9ab0-4b08bf80985e,mekanismadditions:baby_skeleton,true,Baby Skeleton,[null]
-204.18651792330115,17.009357893008932,1186.229778567769,b068f31a-7bd5-4d7a-b7ab-dd046a4d1951,minecraft:bat,true,Bat,[null]
-264.5,59.0,1201.5,6e86e3a1-0a46-4dd6-9d7d-03b69b250b2b,minecraft:zombie,true,Zombie,[null]
-6.9089642902923165,92.0,1333.2766607004091,55541353-a908-4c43-ae73-c46911897f25,minecraft:item,true,Egg,[null]
-233.78695824235325,87.0,1136.5,2bc65ec9-0a6a-4e2d-a379-2be52299c501,minecraft:skeleton,true,Skeleton,[null]
-73.5,7.789999951422103,1216.5,52a9193b-733a-4d33-a761-892e27dc2a8f,lava_monster:lava_monster,true,Lava Monster,[null]
-382.8280325508564,64.0,956.8321962571084,cb462db5-7d05-40b9-9e9c-d9295e63e870,minecraft:item,true,Egg,[null]
-225.80829654334502,22.0,1193.5489321866676,be3c6875-edd9-471f-a455-1f0d4d84899c,minecraft:zombie,true,Zombie,[null]
-78.5,64.0,1293.5,ae9ed059-e36f-4d7e-b72b-ee822d6595f3,minecraft:skeleton,true,Skeleton,[null]
-280.5,16.0,1236.5,f6f6e0a9-615b-4386-b943-32955703598d,minecraft:skeleton,true,Skeleton,[null]
-59.72873245178333,86.0,1237.7753318663865,d2fde63d-04c7-42ef-8cf4-aee609c0ac3d,minecraft:zombie,true,Zombie,[null]
-69.18225605915804,86.0,1247.7474382415749,a80b8591-1ac3-4420-a2bf-43a84c70265d,minecraft:zombie,true,Zombie,[null]
-69.57172035023551,79.0,1258.8041572954148,6a734358-61b2-4ba7-a485-f0d499637808,minecraft:zombie,true,Zombie,[null]
-99.5,7.789999951422111,1171.5,a3a17ac5-7f75-4477-8bb6-e4beb549294b,lava_monster:lava_monster,true,Lava Monster,[null]
-230.5,7.789999951422112,1303.5,9037d90d-e36c-4049-9ca3-ccea861254b8,lava_monster:lava_monster,true,Lava Monster,[null]
-99.5,6.799999952316195,1159.5,6d857c81-4b0a-4a60-8b7a-cdb0179a2055,lava_monster:lava_monster,true,Lava Monster,[null]
-133.19720372034186,40.3460362775135,1151.3097888954596,284b82d7-cb13-4db4-b877-41985f33c820,minecraft:bat,true,Bat,[null]
-264.33146870530663,12.89090909015027,1223.3973949193428,3c2a9f25-9f7d-40be-b89b-6fc8db8e8aa2,minecraft:bat,true,Bat,[null]
-279.7554544502768,11.117916562524048,1217.2508455113934,0b0bd27d-e2bc-4747-a0ef-bb8c306329bd,minecraft:bat,true,Bat,[null]
-283.9642953036366,11.521724157651244,1221.7712346063468,2914e76f-a22a-4b8a-b2da-c7321e34d2e9,minecraft:bat,true,Bat,[null]
-268.5383387481273,14.100000023841858,1236.75,8723df51-a47b-4b5d-9386-0e2a40942900,minecraft:bat,true,Bat,[null]
-347.47359268228405,68.0,1201.5476323780938,0e307cac-715f-4115-aef2-322e704f995e,minecraft:item,true,Egg,[null]
-99.5,24.0,1181.5,690af311-9ecc-4275-b7a3-5edbb4374b4e,minecraft:skeleton,true,Skeleton,[null]
-287.8860836482973,66.0,1223.8486196075928,1ea6829e-b376-49ae-b3e3-a438647db2dd,minecraft:item,true,Egg,[null]
-175.42350189321434,87.0,1154.7662358828902,77056e40-a209-4ca0-9089-68b44c66f19f,minecraft:spider,true,Spider,[null]
-255.50026736472034,30.0,1266.799217839495,469f8363-d380-4416-a4e3-0093725493f9,minecraft:zombie,true,Zombie,[null]
-200.5,67.0,1274.5,2068bd35-e532-4438-8529-43f9e14ce215,minecraft:zombie,true,Zombie,[null]
-297.44342926214836,61.29575799917802,1245.5357807156397,d8439384-5584-41d9-91dd-e0c8493766f6,minecraft:squid,true,Squid,[null]
-298.0298853581771,62.0,1246.864724252373,30f59d4e-a42e-4291-a9a6-f1aa21273e2c,minecraft:squid,true,Squid,[null]
-174.3144095806278,73.0,1419.1646511432787,bd1e1587-53b5-42a9-a76c-071ec2a50b9b,minecraft:item,true,Egg,[null]
-259.51631250697153,71.0,1180.8092018490756,ac5cd711-2749-408c-8e71-c5961546af01,minecraft:zombie,true,Zombie,[null]
-260.5,70.0,1183.5,85a76cec-3449-4c8b-be91-c44e555c36a3,minecraft:zombie,true,Zombie,[null]
-262.49596079252075,73.0,1176.746115134864,5da19720-fc52-4849-a9cb-67c29ab85259,minecraft:zombie,true,Zombie,[null]
-149.5,9.0,1223.5,73133aef-0db8-4e0f-a3df-eba433353be1,minecraft:spider,true,Spider,[null]
-73.71035851266123,36.97983096097174,1223.5140575442947,4f0e5c41-96ae-48a0-bc20-f0b6263235bc,minecraft:bat,true,Bat,[null]
-249.52219775134543,42.0,1290.2270750744185,8fbd1f5a-4f83-4884-ae75-f3e54b6cd20a,minecraft:creeper,true,Creeper,[null]
-172.8502212167893,33.0,1207.4708760684496,85ee0c51-b05a-4634-b9ab-58d5037722d3,minecraft:creeper,true,Creeper,[null]
-249.5,69.0,1196.5,d1cb09b9-6281-49b3-a7dc-4a1168d143c4,minecraft:creeper,true,Creeper,[null]
-249.5,69.0,1195.5,b68c780d-7df4-4ded-859a-24ecb4a8748c,minecraft:creeper,true,Creeper,[null]
-249.5,69.0,1199.5,da578bc9-7396-4b82-a7ed-9f311498f4bf,minecraft:creeper,true,Creeper,[null]
-110.4602913788295,68.0,1305.539914435065,d6433e91-99c2-47be-be56-a7daec2c1fbe,minecraft:item,true,Egg,[null]
-91.5,23.0,1181.5,aa9d136c-5975-4c8d-ad79-b2211af187b0,minecraft:spider,true,Spider,[null]
-138.62567805444908,12.0,1200.300000011921,c0b4b2c2-46a2-4dd3-bf1d-bfee0b7d91ea,minecraft:zombie,true,Zombie,[null]
-143.5,9.0,1207.5,baece8a6-cb94-4034-9ef8-8fd4698fca5b,minecraft:zombie,true,Zombie,[null]
-138.44906185938723,12.0,1201.0306632572713,a7005ad1-3a51-4ad3-ab7c-b5836faa8741,minecraft:zombie,true,Zombie,[null]
-143.5,9.0,1197.5,58eff961-ecee-44b6-9b95-bb89170ab59b,minecraft:creeper,true,Creeper,[null]
-153.52780271350088,8.119410353142241,1226.9402541036943,3f847aeb-8b76-4201-875b-fdc20e7eac9c,minecraft:bat,true,Bat,[null]
-198.60909354326736,69.0,1189.169368438162,039fa8e9-6805-43f7-997d-5116b23a101c,mekanismadditions:baby_skeleton,true,Baby Skeleton,[null]
-255.5,65.0,1260.5,c0accd6d-c901-4d9c-89a2-801a13a0decf,minecraft:spider,true,Spider,[null]
-247.81271769010738,65.0,1259.4996204140639,50a5cd35-8c6e-4dfe-bfab-ebfdb1368570,minecraft:zombie,true,Zombie,[null]
-261.17406461018794,66.0,1252.8222249429311,11ce7293-6eb2-4dac-9b58-b670df77483e,minecraft:creeper,true,Creeper,[null]
-384.9627757899629,64.0,955.4956766295281,7ef2dab9-4025-45e2-b475-398d28ace519,minecraft:item,true,Egg,[null]
-270.5,50.81373046473065,1201.5,08423794-f02d-4b90-9921-7130714eecd1,lava_monster:lava_monster,true,Lava Monster,[null]
-267.40000000596046,50.799999952316284,1204.5999999940395,ad454be9-cd03-4e87-a0a2-af65fbde569b,lava_monster:lava_monster,true,Lava Monster,[null]
-272.35874525945826,50.68851418655684,1260.63096739814,07fd9782-36cf-4b52-83f6-1279c6264e08,minecraft:bat,true,Bat,[null]
-279.0724899098804,59.125149167754095,1247.1851903182262,95fc86eb-7aaa-4d20-8e27-adb3ab9c2fc8,minecraft:bat,true,Bat,[null]
-162.5,71.0,1160.5,f0bf17b3-cb1b-4769-8fc7-a9ab9103ffa8,minecraft:spider,true,Spider,[null]
-162.5,71.0,1154.5,e855910b-07ca-4eaa-9e13-1c195fe02b6d,minecraft:creeper,true,Creeper,[null]
-165.5,71.0,1156.5,67f75260-0a11-41e0-9c01-504c165c9f41,minecraft:creeper,true,Creeper,[null]
-281.44215351377943,10.0,1215.15031915943,fb1e747c-5fe1-4ed7-9762-e2257315838b,minecraft:spider,true,Spider,[null]
-65.5,36.0,1249.5,ad70734b-e44b-49e9-9ded-b9ec8dd298cc,minecraft:skeleton,true,Skeleton,[null]
-222.5,5.682102595741832,1208.3887962713568,f5197b9c-c539-48c4-86e0-607f210c89a7,lava_monster:lava_monster,true,Lava Monster,[null]
-173.5,5.725022950767992,1183.5,89ac2195-fab7-4ea7-9ea0-9fcf8f8f0eeb,lava_monster:lava_monster,true,Lava Monster,[null]
-296.2410677522421,61.0,1240.3544660424814,d3d531a2-3bc7-4607-a670-30751f9fea08,minecraft:squid,true,Squid,[null]
-293.40000000596046,62.0,1240.5999999940395,954a74b9-0132-4295-8a27-ce4360b7fcaa,minecraft:squid,true,Squid,[null]
-296.49361900240183,61.02152529172599,1245.5999999940395,e9788877-d387-4b95-8ea9-b09feacc77ba,minecraft:squid,true,Squid,[null]
-175.53876533742257,51.75144831054321,1311.451960464871,7eac55ba-0d7f-4e56-9996-8f96fa6b5f7b,minecraft:bat,true,Bat,[null]
-171.4149790185179,46.06403944888076,1314.9911445669368,240ddb34-836b-4574-b560-e7b2c9e171ff,minecraft:bat,true,Bat,[null]
-126.5,20.0,1289.5,3bb12d92-ad7f-450d-8013-16d4ef5b4627,minecraft:zombie,true,Zombie,[null]
-125.5,20.0,1287.5,a01bfa2a-0692-4cfe-8c6e-44318c522be9,minecraft:zombie,true,Zombie,[null]
-124.49823042996347,20.0,1293.2040278198535,91b7684b-45a1-45b0-97cd-3c6870606181,minecraft:zombie,true,Zombie,[null]
-134.7329007992696,21.0,1298.729232680501,f50ed17b-90ca-4ca3-ba8b-76fe30b1fa9b,minecraft:skeleton,true,Skeleton,[null]
-157.1720947254904,5.659661485936726,1214.3353646973699,a504397d-23ce-4381-b770-fb77212879db,lava_monster:lava_monster,true,Lava Monster,[null]
-152.5,5.843410170857458,1195.5,e41450de-c9cc-47f9-ad88-64d445365bc7,lava_monster:lava_monster,true,Lava Monster,[null]
-356.2510828516918,64.0,1220.3893231441764,ff764d86-2155-4a5b-9b22-4d172d29c961,minecraft:item,true,Egg,[null]
